Id,Player,DOB,PER_avg,GP_avg,Seasons
Ellispe01,Pervis Ellison,4/3/1967,165.611402516219,4.0,1
Haranlu01,Luke Harangody,1/2/1988,115.19188503900676,4.0,1
Breweja01,Jamison Brewer,11/19/1980,108.2209849508194,3.0,1
Healsh01,Shane Heal,9/6/1970,90.08270175594282,3.0,1
Bouchch01,Chris Boucher,1/11/1993,87.74013054050307,10.0,2
Haddaha01,Hamed Haddadi,5/19/1985,81.37291142573591,3.0,1
Hairsma01,Malik Hairston,2/23/1987,79.26789935681458,5.0,1
Kinseta01,Tarence Kinsey,3/21/1984,77.28451922962923,5.0,1
Montrer01,Eric Montross,9/23/1971,71.7764102511209,6.666666666666667,3
Sloando01,Donald Sloan,1/15/1988,70.06013548862865,7.0,2
Whiteok01,Okaro White,8/13/1992,68.93993999323138,3.0,1
Mcphepa01,Paul McPherson,7/3/1978,62.64334862440448,4.0,1
Rhodero01,Rodrick Rhodes,9/24/1973,57.752642362792365,5.0,1
Hudsole01,Lester Hudson,8/7/1984,56.51365551596849,4.0,1
Motenla01,Lawrence Moten,3/25/1972,55.38570164806318,5.0,1
Dayeau01,Austin Daye,6/5/1988,52.90190823126353,7.5,4
Smithgr02,Greg Smith,1/8/1991,52.002504935506636,6.0,1
Smithgr01,Greg Smith,1/28/1947,52.002504935506636,6.0,1
Colesbi01,Bimbo Coles,4/22/1968,51.60410762692708,9.0,7
Marjabo01,Boban Marjanovic,8/15/1988,51.04054980981664,5.333333333333333,3
Gilgesh01,Shai Gilgeous-Alexander,7/12/1998,50.990792051185466,22.0,2
Gearyre01,Reggie Geary,8/31/1973,49.65772379923426,5.0,1
Recasel01,Eldridge Recasner,12/14/1967,48.878000647462216,13.5,2
Westma01,Mark West,11/5/1960,48.31143171027118,3.0,1
Brownja01,Jabari Brown,12/18/1992,48.03059245430376,3.0,1
Anderwi01,Willie Anderson,1/8/1967,46.62046626771586,4.0,1
Brownan01,Andre Brown,5/12/1981,46.34047423632606,3.0,2
Delebi01,Bison Dele,4/6/1969,46.23270839630667,17.0,1
Jamesle01,LeBron James,12/30/1984,45.34586523443983,26.38888888888889,18
Davisan02,Anthony Davis,3/11/1993,45.30293720321965,22.555555555555557,9
Amundlo01,Lou Amundson,12/7/1982,44.04498391107619,4.0,2
Carrch01,Chris Carr,3/12/1974,43.84016199471781,9.25,4
Simiewa01,Wayne Simien,3/9/1983,43.830112793568645,4.0,1
Barrean01,Andre Barrett,2/21/1982,42.46749648938797,3.0,1
Eacklle01,Ledell Eackles,11/24/1966,42.136265869654565,3.0,1
Burkepa01,Pat Burke,12/14/1973,41.8637371301569,4.0,1
Paulch01,Chris Paul,5/6/1985,41.41797994897425,26.46153846153846,13
Curlebi01,Bill Curley,5/29/1972,41.039399893651975,4.0,1
Lucasjo02,John Lucas III,11/21/1982,40.926478478638835,4.0,5
Jordami01,Michael Jordan,2/17/1963,40.84272013300392,27.0,3
Korkmfu01,Furkan Korkmaz,7/24/1997,40.838590386658105,9.0,2
Roziecl01,Clifford Rozier,10/31/1972,40.29572545082882,5.0,1
Hamilze01,Zendon Hamilton,4/27/1975,40.21571831263823,4.5,2
Willija03,Jay Williams,9/10/1981,39.784803106990545,8.0,1
Olajuha01,Hakeem Olajuwon,1/21/1963,39.570127031036186,12.833333333333334,6
Irvinky01,Kyrie Irving,3/23/1992,39.556665505877895,21.875,8
Langdtr01,Trajan Langdon,5/13/1976,39.037937818366075,7.5,2
Harrish01,Shaquille Harrison,10/6/1993,38.77886595036773,5.0,2
Jordare01,Reggie Jordan,1/26/1968,38.52258615279621,4.5,4
Delnevi01,Vinny Del Negro,8/9/1966,38.49647822323277,14.0,4
Mcilvji01,Jim McIlvaine,7/30/1972,38.03904556378961,7.0,2
Brooksc01,Scott Brooks,7/31/1965,37.813582016710455,4.0,1
Bryanko01,Kobe Bryant,8/23/1978,37.461306580507205,24.842105263157894,19
Eyengch01,Christian Eyenga,6/22/1989,37.272449241507005,3.0,1
Bryanth01,Thomas Bryant,7/31/1997,37.03873720859651,8.333333333333334,3
Embiijo01,Joel Embiid,3/16/1994,36.96779746795312,19.2,5
Harrima01,Manny Harris,9/21/1989,36.819513369200415,4.0,1
Johnsiv01,Ivan Johnson,4/10/1984,36.756266064901446,7.0,2
Brunsri01,Rick Brunson,6/14/1972,36.442685814250744,10.0,4
Stockjo01,John Stockton,3/26/1962,36.250772063241605,27.0,7
Wafervo01,Von Wafer,7/21/1985,36.24703461446244,6.5,2
Macledo01,Don MacLean,1/16/1970,36.149910105521585,5.5,2
Wadedw01,Dwyane Wade,1/17/1982,36.08242409380073,24.4375,16
Dayto01,Todd Day,1/7/1970,35.914511810087355,15.5,2
Brownde02,Devin Brown,12/30/1978,35.53641242358514,13.428571428571429,7
Kuzmimi01,Mindaugas Kuzminskas,10/19/1989,35.377951801124155,6.0,1
Wroteto01,Tony Wroten,4/13/1993,34.875760688862506,8.5,2
Russeda01,D'Angelo Russell,2/23/1996,34.805345089432414,13.75,4
Freeljo01,Joel Freeland,2/7/1987,34.709517242800686,3.0,2
Trieral01,Allonzo Trier,1/17/1996,34.67566361421446,11.0,1
Wilcoch01,Chris Wilcox,9/3/1982,34.634116553794264,9.875,8
Snydeki01,Kirk Snyder,6/5/1983,34.295628236522795,6.5,4
Kellyry01,Ryan Kelly,4/9/1991,33.962936680655325,7.0,2
Bateske01,Keita Bates-Diop,1/23/1996,33.94488891938736,3.0,1
Campbel01,Elden Campbell,7/23/1968,33.91751024804077,16.0,3
Johnsed02,Eddie Johnson,2/24/1955,33.88549187150883,10.0,2
Johnsed03,Eddie Johnson,5/1/1959,33.88549187150883,10.0,2
Onealje01,Jermaine O'Neal,10/13/1978,33.33493606768086,18.571428571428573,14
Millean01,Anthony Miller,10/22/1971,33.28418345226899,4.0,1
Duranke01,Kevin Durant,9/29/1988,33.278621100732984,25.583333333333332,12
Mingya01,Yao Ming,9/12/1980,33.261363636047626,23.857142857142858,7
Allengr01,Grayson Allen,10/8/1995,33.041945633192356,11.0,1
Westbru01,Russell Westbrook,11/12/1988,32.83546302683549,29.53846153846154,13
Mcadoja01,James Michael McAdoo,1/4/1993,32.650879883186214,4.0,1
Joneste01,Terrence Jones,1/9/1992,32.61313464374553,12.0,4
Seldewa01,Wayne Selden,9/30/1994,32.57802653165565,7.0,2
Anstech01,Chris Anstey,1/1/1975,32.46331805869559,6.666666666666667,3
Thompbr01,Brooks Thompson,7/19/1970,32.206527850541974,13.0,1
Piercri01,Ricky Pierce,8/19/1959,32.176689793237934,5.0,1
Ennisty01,Tyler Ennis,8/24/1994,32.122998849931946,3.5,2
Jacksre01,Reggie Jackson,4/16/1990,31.840531968978446,19.0,7
Harvedo01,Donnell Harvey,8/26/1980,31.833276170419843,10.5,2
Georgma01,Marcus Georges-Hunt,3/28/1994,31.81596895830857,3.0,1
Curryst01,Stephen Curry,3/14/1988,31.639363525384702,22.181818181818183,11
Billuch01,Chauncey Billups,9/25/1976,31.606211175112907,20.8,15
Alexaco01,Cory Alexander,6/22/1973,31.56569450093292,7.333333333333333,3
Leverca01,Caris LeVert,8/25/1994,31.41431532570613,17.0,1
Anthoca01,Carmelo Anthony,5/29/1984,31.412775238168518,23.705882352941178,17
Anthogr01,Greg Anthony,11/15/1967,31.337806963147806,14.0,5
Edwarbl01,Blue Edwards,10/31/1965,31.301900101178543,7.5,2
Udohek01,Ekpe Udoh,5/20/1987,31.15019569014361,8.25,4
Owesra01,Ray Owes,12/11/1972,31.121371927268527,4.0,1
Ewingpa02,Patrick Ewing,5/20/1984,31.113772445564518,19.8,5
Ewingpa01,Patrick Ewing,8/5/1962,31.113772445564518,19.8,5
Speigma01,Marreese Speights,8/4/1987,31.07331331723726,8.428571428571429,7
Stricer01,Erick Strickland,11/25/1973,31.01456363482707,12.777777777777779,9
Fulleto02,Todd Fuller,7/25/1974,30.97391189504219,3.5,2
Boshch01,Chris Bosh,3/24/1984,30.966222194761187,25.384615384615383,13
Powele01,Leon Powe,1/22/1984,30.91779094453996,5.666666666666667,3
Hardeja01,James Harden,8/26/1989,30.737314629302418,27.363636363636363,11
Murraja01,Jamal Murray,2/23/1997,30.654517010052256,21.8,5
Drumman01,Andre Drummond,8/10/1993,30.557036134559585,19.11111111111111,9
Woltena01,Nate Wolters,5/15/1991,30.0799045839312,12.0,1
Onealsh01,Shaquille O'Neal,3/6/1972,30.04015162746112,18.53846153846154,13
Lillada01,Damian Lillard,7/15/1990,29.951690534113155,30.77777777777778,9
Foxde01,De'Aaron Fox,12/20/1997,29.897011979589635,25.0,4
Cebalce01,Cedric Ceballos,8/2/1969,29.818323008930744,10.666666666666666,3
Davisgl01,Glen Davis,1/1/1986,29.438395378917296,12.428571428571429,7
Malonka01,Karl Malone,7/24/1963,29.353389833076374,25.571428571428573,7
Nowitdi01,Dirk Nowitzki,6/19/1978,29.34206727689957,26.7,20
Harremo01,Montrezl Harrell,1/26/1994,29.266143760909074,8.0,2
Laymaja01,Jake Layman,3/7/1994,29.213700210492973,4.333333333333333,3
Sesayan01,Ansu Sesay,7/29/1976,29.043622572539373,9.333333333333334,3
Stronde01,Derek Strong,2/9/1968,29.024368525496453,13.333333333333334,3
Greenja01,JaMychal Green,6/21/1990,28.97068098829325,13.25,4
Derozde01,DeMar DeRozan,8/7/1989,28.93068856059587,27.25,12
Doncilu01,Luka Doncic,2/28/1999,28.88953738348079,23.333333333333332,3
Douglto01,Toney Douglas,3/16/1986,28.542659557647386,8.333333333333334,6
Edneyty01,Tyus Edney,2/14/1973,28.45358618313836,6.666666666666667,3
Woodsqy01,Qyntel Woods,2/16/1981,28.417850556142874,6.5,2
Duncati01,Tim Duncan,4/25/1976,28.34056035575476,24.11111111111111,18
Crawfja01,Jamal Crawford,3/20/1980,28.279691623818856,22.4,15
Antetgi01,Giannis Antetokounmpo,12/6/1994,28.23307152525514,24.125,8
Jokicni01,Nikola Jokic,2/19/1995,28.178303993005567,27.0,6
Walljo01,John Wall,9/6/1990,28.156550636473746,23.5,10
Willifr02,Frank Williams,2/25/1980,28.05283725990514,6.0,1
Gilliar01,Armen Gilliam,5/28/1964,28.026874090209528,12.666666666666666,3
Roybr01,Brandon Roy,7/23/1984,27.993016190010813,24.8,5
Mitchdo01,Donovan Mitchell,9/7/1996,27.818080573659024,20.5,4
Armstda01,Darrell Armstrong,6/22/1968,27.759327524698886,20.583333333333332,12
Markkla01,Lauri Markkanen,5/22/1997,27.669534564588854,18.0,4
Nailole01,Lee Nailon,2/22/1975,27.636967586868217,13.5,2
Cassesa01,Sam Cassell,11/18/1969,27.589524672603368,24.7,10
Trentga01,Gary Trent,9/22/1974,27.500252626964578,10.166666666666666,6
Trentga02,Gary Trent,1/18/1999,27.500252626964578,10.166666666666666,6
Caulewi01,Willie Cauley-Stein,8/18/1993,27.45460429524181,16.333333333333332,6
Oladivi01,Victor Oladipo,5/4/1992,27.444120906826655,22.375,8
Tatumja01,Jayson Tatum,3/3/1998,27.43561949391876,28.75,4
Smithcr01,Craig Smith,11/10/1983,27.224502192138385,7.8,5
Cartevi01,Vince Carter,1/26/1977,27.168089773223247,22.142857142857142,21
Muscami01,Mike Muscala,7/1/1991,27.165119262368158,7.6,5
Robingl02,Glenn Robinson,1/8/1994,27.128647675913555,26.142857142857142,7
Robingl01,Glenn Robinson,1/10/1973,27.12864767591355,26.142857142857142,7
Bazemke01,Kent Bazemore,7/1/1989,27.083024438046728,16.88888888888889,9
Caffeja01,Jason Caffey,6/12/1973,27.073659079462743,9.2,5
Rabbiv01,Ivan Rabb,2/4/1997,27.063418898317778,4.0,1
Mournal01,Alonzo Mourning,2/8/1970,27.043793296720555,17.9,10
Jacksma01,Mark Jackson,4/1/1965,27.036360534465274,17.714285714285715,7
Stricro02,Rod Strickland,7/11/1966,27.002508791635368,17.166666666666668,6
Jeffeal01,Al Jefferson,1/4/1985,27.002106549554654,21.583333333333332,12
Clarkjo01,Jordan Clarkson,6/7/1992,26.96011149192795,15.142857142857142,7
Fredeji01,Jimmer Fredette,2/25/1989,26.90804114709656,8.75,4
Khryavi01,Viktor Khryapa,8/3/1982,26.771995941796856,6.5,2
Ricegl02,Glen Rice,1/1/1991,26.703213762024955,15.4,5
Ricegl01,Glen Rice,5/28/1967,26.703213762024955,15.4,5
Guglito01,Tom Gugliotta,12/19/1969,26.688864716437173,14.5,4
Anderju01,Justin Anderson,11/19/1993,26.626968647100146,7.333333333333333,3
Leonaka01,Kawhi Leonard,6/29/1991,26.599712308433677,18.428571428571427,7
Drexlcl01,Clyde Drexler,6/22/1962,26.577320699588896,18.5,2
Woodch01,Christian Wood,9/27/1995,26.559919663953067,12.5,2
Stackje01,Jerry Stackhouse,11/5/1974,26.55175906969561,19.384615384615383,13
Rushka01,Kareem Rush,10/30/1980,26.54018671206535,10.25,4
Jamesje01,Jerome James,11/17/1975,26.451826585340076,7.2,5
Morrimo01,Monte Morris,6/27/1995,26.435664817397072,13.0,3
Houseed01,Eddie House,5/14/1978,26.397119649911623,13.9,10
Longllu01,Luc Longley,1/19/1969,26.389701289054223,15.0,2
Warretj01,T.J. Warren,9/5/1993,26.364982403959676,25.0,1
Cummite01,Terry Cummings,3/15/1961,26.148048390228407,12.0,3
Norrimo01,Moochie Norris,7/27/1973,25.984903998091664,13.833333333333334,6
Alexaco02,Courtney Alexander,4/27/1977,25.972820386683377,15.666666666666666,3
Seikaro01,Rony Seikaly,5/10/1965,25.910236852274394,21.5,2
Dienggo01,Gorgui Dieng,1/18/1990,25.86266031100912,14.666666666666666,6
Anderda03,David Andersen,6/23/1980,25.79334346267118,5.0,1
Walkeke02,Kemba Walker,5/8/1990,25.75405905241493,24.8,10
Davisem01,Emanual Davis,8/27/1968,25.63278746507272,7.6,5
Simmoli01,Lionel Simmons,11/14/1968,25.629665715089324,9.0,1
Ellisda01,Dale Ellis,8/6/1960,25.61475146903578,25.333333333333332,3
Aldrila01,LaMarcus Aldridge,7/19/1985,25.576543524929985,26.642857142857142,14
Humphkr01,Kris Humphries,2/6/1985,25.561209910425642,11.875,8
Cookqu01,Quinn Cook,3/23/1993,25.499478487848155,3.0,2
Valanjo01,Jonas Valanciunas,5/6/1992,25.461395752161167,16.11111111111111,9
Ellismo01,Monta Ellis,10/26/1985,25.39491371359928,26.416666666666668,12
Butleji01,Jimmy Butler,9/14/1989,25.25141342206099,22.9,10
Hardaan01,Anfernee Hardaway,7/18/1971,25.2372366326786,15.5,6
Babbilu01,Luke Babbitt,6/20/1989,25.233440815306928,7.8,5
Marshdo01,Donyell Marshall,5/18/1973,25.209373425602124,18.666666666666668,12
Willilo02,Lou Williams,10/27/1986,25.151565963974594,17.916666666666668,12
Randoza01,Zach Randolph,7/16/1981,25.126322416111663,24.8125,16
Webbech01,Chris Webber,3/1/1973,25.057264210457827,22.555555555555557,9
Garneke01,Kevin Garnett,5/19/1976,24.89262195123513,26.27777777777778,18
Horfoal01,Al Horford,6/3/1986,24.811088930006893,22.571428571428573,14
Divacvl01,Vlade Divac,2/3/1968,24.79401223243144,21.5,6
Barroda01,Dana Barros,4/13/1967,24.677813127996284,12.833333333333334,6
Pollasc01,Scot Pollard,2/12/1975,24.67348942984336,7.285714285714286,7
Jerebjo01,Jonas Jerebko,3/2/1987,24.633680973399958,10.285714285714286,7
Abdursh01,Shareef Abdur-Rahim,12/11/1976,24.611246629957957,22.4,10
Thomaet01,Etan Thomas,4/1/1978,24.604774660894197,8.166666666666666,6
Francst01,Steve Francis,2/21/1977,24.569855818270206,27.875,8
Allenra02,Ray Allen,7/20/1975,24.550611547291435,28.764705882352942,17
Gatlich01,Chris Gatling,9/3/1967,24.532956844134038,12.666666666666666,6
Catoke01,Kelvin Cato,8/26/1974,24.5292880706362,11.375,8
Kiddja01,Jason Kidd,3/23/1973,24.48942223895258,28.083333333333332,12
Brogdma01,Malcolm Brogdon,12/11/1992,24.43692499558093,20.0,5
Polynol01,Olden Polynice,11/21/1964,24.415415611831165,15.0,4
Willima01,Mo Williams,12/19/1982,24.387579836425882,19.846153846153847,13
Fultzma01,Markelle Fultz,5/29/1998,24.350983724992616,22.0,1
Vonleno01,Noah Vonleh,8/24/1995,24.335107223059364,8.0,3
Randlju01,Julius Randle,11/29/1994,24.262425831845153,24.833333333333332,6
Sampsja02,JaKarr Sampson,3/20/1993,24.156430215403958,7.0,3
Johnsjo02,Joe Johnson,6/29/1981,24.149582751382944,25.5,10
Richaja01,Jason Richardson,1/20/1981,24.145352492212783,23.0,10
Noguelu01,Lucas Nogueira,7/26/1992,24.131484705693165,9.0,1
Okurme01,Mehmet Okur,5/26/1979,24.049272920611795,18.88888888888889,9
Goberru01,Rudy Gobert,6/26/1992,24.01362649572806,21.285714285714285,7
Townska01,Karl-Anthony Towns,11/15/1995,23.905106997614762,27.0,6
Vanexni01,Nick Van Exel,11/27/1971,23.852293358086673,22.6,10
Piercpa01,Paul Pierce,10/13/1977,23.820435613751645,31.125,16
Johnsam01,Amir Johnson,5/1/1987,23.79565788624866,15.636363636363637,11
Brownst02,Sterling Brown,2/10/1995,23.770123802585925,6.0,3
Rodmade01,Dennis Rodman,5/13/1961,23.751364876250655,12.0,4
Middlkh01,Khris Middleton,8/12/1991,23.745095919238448,24.25,8
Rosede01,Derrick Rose,10/4/1988,23.732829026473045,20.181818181818183,11
Anderja01,James Anderson,3/25/1989,23.726849620524888,10.666666666666666,3
Wallara01,Rasheed Wallace,9/17/1974,23.68893430724245,24.076923076923077,13
Brownsh01,Shannon Brown,11/29/1985,23.676655839405562,8.0,4
Lewisra02,Rashard Lewis,8/8/1979,23.600175061555216,20.866666666666667,15
Simshe01,Henry Sims,3/27/1990,23.441860262041732,7.5,2
Ferryda01,Danny Ferry,10/17/1966,23.387601243671387,15.666666666666666,6
Brandte01,Terrell Brandon,5/20/1970,23.382649821346902,23.2,5
Jonespo01,Popeye Jones,6/17/1970,23.36700963757523,13.0,4
Eliema01,Mario Elie,11/26/1963,23.359037053054365,19.5,4
Butlera01,Rasual Butler,5/23/1979,23.265004132838374,14.416666666666666,12
Belinma01,Marco Belinelli,3/25/1986,23.237889178163197,16.083333333333332,12
Robinda01,David Robinson,8/6/1965,23.1932053666689,22.6,5
Anderky01,Kyle Anderson,9/20/1993,23.152132224488245,14.0,6
Brookaa01,Aaron Brooks,1/14/1985,23.14342193896724,16.571428571428573,7
Jameshe01,Henry James,7/29/1965,23.127984059613183,11.0,1
Stricma01,Mark Strickland,7/14/1970,23.11333537757214,4.333333333333333,3
Hardati02,Tim Hardaway,3/16/1992,23.08067299810101,23.2,5
Hardati01,Tim Hardaway,9/1/1966,23.08067299810101,23.2,5
Meltode01,De'Anthony Melton,5/28/1998,23.03377560020949,8.5,2
Stoudda01,Damon Stoudamire,9/3/1973,22.9271496080477,22.181818181818183,11
Mcgratr01,Tracy McGrady,5/24/1979,22.864341351311605,17.466666666666665,15
Bealbr01,Bradley Beal,6/28/1993,22.816618781293716,27.0,9
Cabocbr01,Bruno Caboclo,9/21/1995,22.786811939941593,13.0,1
Gasolpa01,Pau Gasol,7/6/1980,22.762034082423423,24.764705882352942,17
Willike02,Kevin Willis,9/6/1962,22.73068733156736,10.142857142857142,7
Wallage01,Gerald Wallace,7/23/1982,22.72169711250804,22.2,10
Linje01,Jeremy Lin,8/23/1988,22.65736050517169,16.833333333333332,6
Mccolcj01,CJ McCollum,9/19/1991,22.60831704239012,22.0,8
Croshau01,Austin Croshere,5/1/1975,22.597744618615184,12.375,8
Goodedr01,Drew Gooden,9/24/1981,22.557286197839684,14.75,12
Greenge01,Gerald Green,1/26/1986,22.492051671639448,8.444444444444445,9
Persoch01,Chuck Person,6/27/1964,22.488413914982363,15.5,2
Butleja01,Jackie Butler,3/10/1985,22.43190469048382,7.0,1
Gordobe01,Ben Gordon,4/4/1983,22.42935841874481,21.636363636363637,11
Ostergr01,Greg Ostertag,3/6/1973,22.417602198405444,9.333333333333334,9
Parketo01,Tony Parker,5/17/1982,22.335532117949647,19.444444444444443,18
Harrito02,Tobias Harris,7/15/1992,22.315800184209337,24.0,8
Portete01,Terry Porter,4/8/1963,22.31219067841281,19.2,5
Wellsbo01,Bonzi Wells,9/28/1976,22.273050217987326,13.555555555555555,9
Daniema01,Marquis Daniels,1/7/1981,22.169462787251852,9.8,10
Poseyja01,James Posey,1/13/1977,22.114362019713784,22.166666666666668,12
Knighbr01,Brevin Knight,11/8/1975,22.101395779224152,15.777777777777779,9
Bookeme01,Melvin Booker,8/20/1972,22.051020548292346,4.0,1
Boozeca01,Carlos Boozer,11/20/1981,21.995581556736365,18.923076923076923,13
Westda01,David West,8/29/1980,21.912975341115335,23.0,13
Jackja01,Jarrett Jack,10/28/1983,21.895861513564476,24.8,10
Simmoko01,Kobi Simmons,7/4/1997,21.892888097524832,6.0,1
Couside01,DeMarcus Cousins,8/13/1990,21.827097143716305,22.88888888888889,9
Harriju01,Junior Harrington,10/2/1980,21.821684498234355,9.5,2
Hoibefr01,Fred Hoiberg,10/15/1972,21.79314350848655,13.0,8
Mccontj01,T.J. McConnell,3/25/1992,21.74706289965245,16.8,5
Nashst01,Steve Nash,2/7/1974,21.714078774365017,21.571428571428573,7
Loveke01,Kevin Love,9/7/1988,21.693119263017568,17.692307692307693,13
Hillgr01,Grant Hill,10/5/1972,21.61445618568315,20.714285714285715,7
Reddmi01,Michael Redd,8/24/1979,21.61008944033057,26.11111111111111,9
Iversal01,Allen Iverson,6/7/1975,21.55612829776482,26.076923076923077,13
Collijo01,John Collins,9/23/1997,21.537452378759667,15.5,4
Curryed01,Eddy Curry,12/5/1982,21.496525157112387,17.285714285714285,7
Pekovni01,Nikola Pekovic,1/3/1986,21.457526572743614,16.75,4
Zelleco01,Cody Zeller,10/5/1992,21.412808847942006,14.375,8
Boonejo01,Josh Boone,11/21/1984,21.362772387964966,7.333333333333333,3
Thomais02,Isaiah Thomas,2/7/1989,21.305974907492708,22.25,8
Stepavl01,Vladimir Stepania,5/8/1976,21.275585113623038,7.0,2
Dotsoda01,Damyean Dotson,5/6/1994,21.24164976018527,8.0,3
Huntech01,Chris Hunter,7/7/1984,21.24128825201489,5.0,1
Pippesc01,Scottie Pippen,9/25/1965,21.236376061417335,18.75,8
Garrede01,Dean Garrett,11/27/1966,21.157046951121398,8.75,4
Butleca01,Caron Butler,3/13/1980,21.135721575727896,20.153846153846153,13
Gibsoda01,Daniel Gibson,2/27/1986,21.122417377970404,15.857142857142858,7
Jonesso01,Solomon Jones,7/16/1984,21.11754379740143,3.0,1
Birchkh01,Khem Birch,9/28/1992,21.065429984731868,6.333333333333333,3
Swiftst01,Stromile Swift,11/21/1979,21.06258456081459,9.875,8
Mullich01,Chris Mullin,7/30/1963,21.06081905211,13.25,4
Mudiaem01,Emmanuel Mudiay,3/5/1996,21.058021908685266,13.75,4
Leuerjo01,Jon Leuer,5/14/1989,21.02510801893452,5.666666666666667,3
Cambyma01,Marcus Camby,3/22/1974,21.001799284306866,18.5,16
Mitchsa01,Sam Mitchell,9/2/1963,21.001597773080213,12.4,5
Splitti01,Tiago Splitter,1/1/1985,20.99372561619305,11.25,4
Bibbymi01,Mike Bibby,5/13/1978,20.98938598321702,26.76923076923077,13
Cagemi01,Michael Cage,1/28/1962,20.923159146542435,10.0,2
Bogdabo02,Bojan Bogdanovic,4/18/1989,20.899445486571153,26.0,5
Sabonar01,Arvydas Sabonis,12/19/1964,20.88664002171093,16.8,5
Longjo01,John Long,8/28/1956,20.882924621529014,3.0,1
Kiddgmi01,Michael Kidd-Gilchrist,9/26/1993,20.766627791799852,19.0,6
Navarju01,Juan Carlos Navarro,6/13/1980,20.73928689404932,21.0,1
Farieke01,Kenneth Faried,11/19/1989,20.729885125156716,15.125,8
Mohamna01,Nazr Mohammed,9/5/1977,20.728350647707053,10.25,8
Monkma01,Malik Monk,2/4/1998,20.688130403078095,8.0,4
Kingge02,Gerard King,11/25/1972,20.67288932924864,8.0,2
Cartemi01,Michael Carter-Williams,10/10/1991,20.591352461526874,13.571428571428571,7
Makerth01,Thon Maker,2/25/1997,20.496834665331303,5.333333333333333,3
Morrich01,Chris Morris,1/20/1966,20.447108928572362,8.0,1
Chilcpe01,Pete Chilcutt,9/14/1968,20.412676325114692,15.5,2
Dalemsa01,Samuel Dalembert,5/10/1981,20.40095567306425,16.416666666666668,12
Calatni01,Nick Calathes,2/7/1989,20.32659123426628,6.5,2
Griffbl01,Blake Griffin,3/16/1989,20.325095765700034,24.875,8
Siakapa01,Pascal Siakam,4/2/1994,20.297028017271078,21.75,4
Howardw01,Dwight Howard,12/8/1985,20.28557073816918,23.375,16
Murdoer01,Eric Murdock,6/14/1968,20.273514581352824,7.333333333333333,3
Millere01,Reggie Miller,8/24/1965,20.26545126231293,30.375,8
Georgpa01,Paul George,5/2/1990,20.262145191366976,28.625,8
Haywago01,Gordon Hayward,3/23/1990,20.246930370052617,22.3,10
Outlatr01,Travis Outlaw,9/18/1984,20.24233599634037,16.75,8
Millebr01,Brad Miller,4/12/1976,20.184371994815834,23.545454545454547,11
Vanvlfr01,Fred VanVleet,2/25/1994,20.184089201962692,18.75,4
Willide01,Deron Williams,6/26/1984,20.116371739487537,23.444444444444443,9
Anderke01,Kenny Anderson,10/9/1970,20.089731498222744,19.75,8
Stuckro01,Rodney Stuckey,4/21/1986,20.082724536890105,18.3,10
Conlemi01,Mike Conley,10/11/1987,20.072866110142666,24.0,14
Bartowi01,Will Barton,1/6/1991,20.030776662244694,17.5,8
Terryja01,Jason Terry,9/15/1977,20.02877408683651,25.333333333333332,18
Jacksbo01,Bobby Jackson,3/13/1973,20.01423954707509,14.583333333333334,12
Crawfjo02,Jordan Crawford,10/23/1988,20.01131071321523,13.2,5
Johnsja01,James Johnson,2/20/1987,20.004377022107896,13.5,10
Askewvi01,Vincent Askew,2/28/1966,19.997592860048872,11.5,2
Turnemy01,Myles Turner,3/24/1996,19.992344834718367,24.0,6
Chandty01,Tyson Chandler,10/2/1982,19.942232667226055,18.4375,16
Jamesmi02,Mike James,8/18/1990,19.940589275058496,18.88888888888889,9
Jamesmi01,Mike James,6/23/1975,19.940589275058496,18.88888888888889,9
Gordoaa01,Aaron Gordon,9/16/1995,19.926022342024275,18.714285714285715,7
Thornal01,Al Thornton,12/7/1983,19.89316358889328,16.0,4
Johnsli01,Linton Johnson,6/13/1980,19.85297922742561,6.333333333333333,3
Wagnemo01,Moritz Wagner,4/26/1997,19.78932889968307,4.5,2
Rubiori01,Ricky Rubio,10/21/1990,19.739750926845403,22.22222222222222,9
Haywobr01,Brendan Haywood,11/27/1979,19.73270315423329,13.0,12
Kirilan01,Andrei Kirilenko,2/18/1981,19.645958101889782,21.0,11
Lopezbr01,Brook Lopez,4/1/1988,19.639654246454132,21.857142857142858,7
Favorde01,Derrick Favors,7/15/1991,19.614896646636677,13.636363636363637,11
Vandeja01,Jarred Vanderbilt,4/3/1999,19.591126739454122,11.0,1
Noahjo01,Joakim Noah,2/25/1985,19.580906617275357,16.545454545454547,11
Kleinjo01,Joe Kleine,1/4/1962,19.480594174918487,3.0,1
Bakervi01,Vin Baker,11/23/1971,19.472071233285224,21.333333333333332,6
Foylead01,Adonal Foyle,3/9/1975,19.463147541068334,12.857142857142858,7
Tinslja01,Jamaal Tinsley,2/28/1978,19.453502624125754,13.9,10
Whiteha01,Hassan Whiteside,6/13/1989,19.433484367555653,15.142857142857142,7
Ntilila01,Frank Ntilikina,7/28/1998,19.43145382840941,11.0,4
Newbiiv01,Ivano Newbill,12/12/1970,19.418153551028265,3.0,1
Simmobe01,Ben Simmons,7/20/1996,19.407883686810667,26.0,4
Bjeline01,Nemanja Bjelica,5/9/1988,19.394092855251138,11.333333333333334,6
Arenagi01,Gilbert Arenas,1/6/1982,19.360267752374977,20.88888888888889,9
Milleda01,Darius Miller,3/21/1990,19.35918921756837,17.0,3
Hieldbu01,Buddy Hield,12/17/1992,19.32539278348036,26.0,5
Looneke01,Kevon Looney,2/6/1996,19.299157740758066,10.0,3
Hillge01,George Hill,5/4/1986,19.27928084053979,18.692307692307693,13
Frahmri01,Richie Frahm,8/14/1977,19.252980210709666,7.5,2
Smithjo02,Joe Smith,7/26/1975,19.197769275558738,18.846153846153847,13
Goodwbr01,Brandon Goodwin,10/2/1995,19.18026776304336,4.0,1
Grantje02,Jerian Grant,10/9/1992,19.157406105476323,6.75,4
Maxieja01,Jason Maxiell,2/18/1983,19.13415725168262,10.857142857142858,7
Stithbr01,Bryant Stith,12/10/1970,19.104105185046823,12.5,6
Smithjo03,Josh Smith,12/5/1985,19.06551605750889,23.833333333333332,12
Ilyaser01,Ersan Ilyasova,5/15/1987,19.064549755162847,16.416666666666668,12
Watsocj01,C.J. Watson,4/17/1984,19.053356275059194,13.25,8
Noelne01,Nerlens Noel,4/10/1994,18.962868393578148,12.666666666666666,6
Thorpot01,Otis Thorpe,8/5/1962,18.957956439105224,13.75,4
Mannida01,Danny Manning,5/17/1966,18.95409759861463,11.333333333333334,3
Richajo01,Josh Richardson,9/15/1993,18.926952461895556,23.5,6
Maggeco01,Corey Maggette,11/12/1979,18.899238252382144,17.923076923076923,13
Majerda01,Dan Majerle,9/9/1965,18.838814727066016,18.2,5
Jonesda02,Dahntay Jones,12/27/1980,18.8379024706623,7.4,10
Mcgeeja01,JaVale McGee,1/19/1988,18.8238383127904,9.428571428571429,7
Lowryky01,Kyle Lowry,3/25/1986,18.79230368355845,22.733333333333334,15
Barnema02,Matt Barnes,3/9/1980,18.752958002381426,16.615384615384617,13
Ukicro01,Roko Ukic,5/12/1984,18.746916347408707,5.0,1
Fundela01,Lawrence Funderburke,12/15/1970,18.71659365406391,8.0,3
Davised01,Ed Davis,6/5/1989,18.712924877145277,9.125,8
Novakst01,Steve Novak,6/13/1983,18.703415607714703,9.375,8
Johnsla02,Larry Johnson,3/14/1969,18.701444166661926,22.75,4
Johnsla01,Larry Johnson,11/28/1954,18.701444166661926,22.75,4
Hamilri01,Richard Hamilton,2/14/1978,18.699770106882323,22.142857142857142,14
Leeda02,David Lee,4/29/1983,18.691762623934736,20.916666666666668,12
Augusdj01,D.J. Augustin,11/10/1987,18.685378306144404,16.5,12
Greendr01,Draymond Green,3/4/1990,18.678307387305495,20.444444444444443,9
Cartean01,Anthony Carter,6/16/1975,18.6709509295379,12.818181818181818,11
Zellety01,Tyler Zeller,1/17/1990,18.65255526355336,12.25,4
Parksch02,Cherokee Parks,10/11/1972,18.645252970461314,8.0,4
Sessira01,Ramon Sessions,4/11/1986,18.630215232198037,15.11111111111111,9
Lynchge01,George Lynch,9/3/1970,18.59631792043598,17.0,8
Nesbyty01,Tyrone Nesby,1/31/1976,18.59179385810552,15.0,4
Netora01,Raul Neto,5/19/1992,18.58750113620906,11.333333333333334,3
Mckeyde01,Derrick McKey,10/10/1966,18.580813652737096,14.333333333333334,6
Beaslmi01,Michael Beasley,1/9/1989,18.558560428541817,11.625,8
Nelsoja01,Jameer Nelson,2/9/1982,18.552439771660858,18.071428571428573,14
Carusal01,Alex Caruso,2/28/1994,18.535779426577527,10.0,4
Bledser01,Eric Bledsoe,12/9/1989,18.454283323437885,18.428571428571427,7
Connapa01,Pat Connaughton,1/6/1993,18.436364738025606,11.2,5
Stojape01,Peja Stojakovic,6/9/1977,18.345460826594913,22.076923076923077,13
Barrybr01,Brent Barry,12/31/1971,18.334188360948662,17.923076923076923,13
Arroyca01,Carlos Arroyo,7/30/1979,18.32407356282258,9.428571428571429,7
Mcleoke01,Keith McLeod,11/5/1979,18.286245673151168,7.333333333333333,3
Stiemgr01,Greg Stiemsma,9/26/1985,18.243471782827324,10.0,1
Hawessp01,Spencer Hawes,4/28/1988,18.231525920184733,12.333333333333334,9
Gayru01,Rudy Gay,8/17/1986,18.203413498712376,23.2,15
Paytoga01,Gary Payton,7/23/1968,18.198289175542243,29.9,10
Paytoga02,Gary Payton,12/1/1992,18.198289175542243,29.9,10
Roziete01,Terry Rozier,3/17/1994,18.19624947238325,19.4,5
Monrogr01,Greg Monroe,6/4/1990,18.191240272074417,20.25,8
Onealro01,Royce O'Neale,6/5/1993,18.17318378100989,14.75,4
Mcderdo01,Doug McDermott,1/3/1992,18.1708231950278,13.333333333333334,6
Hansbty01,Tyler Hansbrough,11/3/1985,18.10770320729814,8.0,6
Farmajo01,Jordan Farmar,11/30/1986,18.094351983243662,9.0,8
Jamisan01,Antawn Jamison,6/12/1976,18.061847160346748,22.625,16
Boykiea01,Earl Boykins,6/2/1976,18.04980386724283,13.090909090909092,11
Herreca01,Carl Herrera,12/14/1966,18.02966529152844,11.0,1
Childch01,Chris Childs,11/20/1967,18.003123259023166,21.833333333333332,6
Hoodro01,Rodney Hood,10/20/1992,17.996029971809516,13.571428571428571,7
Millean02,Andre Miller,3/19/1976,17.978353071668167,24.764705882352942,17
Respesh01,Shawn Respert,2/6/1972,17.927428954633218,10.0,2
Osmande01,Cedi Osman,4/8/1995,17.92510444552209,13.0,4
Hughela01,Larry Hughes,1/23/1979,17.918204697481908,18.75,12
Stoudam01,Amar'e Stoudemire,11/16/1982,17.85604067759626,15.0,5
Thornma01,Marcus Thornton,6/5/1987,17.810583031455824,16.0,6
Blatcan01,Andray Blatche,8/22/1986,17.78189757369923,13.666666666666666,6
Batumni01,Nicolas Batum,12/14/1988,17.7774759595338,23.5,12
Bargnan01,Andrea Bargnani,10/26/1985,17.74520566227977,15.555555555555555,9
Allenja01,Jarrett Allen,4/21/1998,17.744956304364568,16.0,1
Gordoer01,Eric Gordon,12/25/1988,17.731891258442197,18.076923076923077,13
Baileth01,Thurl Bailey,4/7/1961,17.72788937752201,9.0,1
Herrmwa01,Walter Herrmann,6/26/1979,17.723654855053177,8.0,2
Gillke01,Kendall Gill,5/25/1968,17.70039337951407,16.571428571428573,7
Brownti01,Tierre Brown,6/3/1979,17.678569581159866,8.0,1
Geeal01,Alonzo Gee,5/29/1987,17.666396983380444,17.166666666666668,6
Adebaba01,Bam Adebayo,7/18/1997,17.64764045450528,25.0,4
Finlemi01,Michael Finley,3/6/1973,17.63069689757016,23.23076923076923,13
Oquinky01,Kyle O'Quinn,3/26/1990,17.621559692629233,6.0,6
Collida01,Darren Collison,8/23/1987,17.60206392146932,22.9,10
Sextoco01,Collin Sexton,1/4/1999,17.566648856961944,19.333333333333332,3
Goldwan01,Anthony Goldwire,9/6/1971,17.47653982289617,11.0,3
Thompkl01,Klay Thompson,2/8/1990,17.421044178304875,24.25,8
Knighbr03,Brandon Knight,12/2/1991,17.376925642766025,17.75,4
Kempsh01,Shawn Kemp,11/26/1969,17.325747889803598,16.5,6
Davisba01,Baron Davis,4/13/1979,17.274755292832523,19.9,10
Anunoog01,OG Anunoby,7/17/1997,17.22047465168934,12.25,4
Walkesa01,Samaki Walker,2/25/1976,17.196395478200195,7.0,5
Blounco01,Corie Blount,1/4/1969,17.192091033987204,10.0,6
Alstora01,Rafer Alston,7/24/1976,17.165746549575296,23.25,8
Pricema01,Mark Price,2/15/1964,17.16509061760356,17.0,2
Barryjo01,Jon Barry,7/25/1969,17.126656183696245,16.0,9
Vucevni01,Nikola Vucevic,10/24/1990,17.11204851709134,21.2,10
Ilgauzy01,Zydrunas Ilgauskas,6/5/1975,17.078403133741663,17.181818181818183,11
Pattepa01,Patrick Patterson,3/14/1989,17.026223613027216,18.428571428571427,7
Morrima02,Markieff Morris,9/2/1989,16.99568837155327,15.0,6
Anderni01,Nick Anderson,1/20/1968,16.936031380111675,18.0,4
Greenje02,Jeff Green,8/28/1986,16.87699861320777,23.454545454545453,11
Thomala01,Lance Thomas,4/24/1988,16.868325370419452,11.571428571428571,7
Porzikr01,Kristaps Porzingis,8/2/1995,16.83015489973112,20.0,5
Covinro01,Robert Covington,12/14/1990,16.822338999574146,21.0,7
Gamblke01,Kevin Gamble,11/13/1965,16.818829088799124,12.0,1
Claxtsp01,Speedy Claxton,5/8/1978,16.76759065388598,17.0,5
Greenda02,Danny Green,6/22/1987,16.765614766055467,19.8,10
Jeffeot01,Othyus Jeffers,8/5/1985,16.747573418017467,4.0,1
Whiteja01,Jahidi White,2/19/1976,16.717784576456413,8.666666666666666,3
Willico02,Corliss Williamson,12/4/1973,16.709093627774998,17.5,8
Feltora01,Raymond Felton,6/26/1984,16.708411806692546,25.727272727272727,11
Foyera01,Randy Foye,9/24/1983,16.700172683245647,20.0,10
Anderry01,Ryan Anderson,5/6/1988,16.696523363542166,16.11111111111111,9
Doleami01,Michael Doleac,6/15/1977,16.671810884341973,8.5,8
Hartjo01,Josh Hart,3/6/1995,16.652806244100013,16.75,4
Szabobr01,Brett Szabo,2/1/1968,16.63569630806476,7.0,1
Brownpj01,P.J. Brown,10/14/1969,16.625479403791907,24.375,8
Chalmma01,Mario Chalmers,5/19/1986,16.623186063131705,17.88888888888889,9
Richmmi01,Mitch Richmond,6/30/1965,16.59570628844439,22.25,4
Marbust01,Stephon Marbury,2/20/1977,16.580801729005525,22.8,10
Jonesde01,DeQuan Jones,6/20/1990,16.57374366568822,5.0,1
Dragigo01,Goran Dragic,5/6/1986,16.571621202092725,21.555555555555557,9
Grayaa01,Aaron Gray,12/7/1984,16.553030738446274,3.6,5
Gasolma01,Marc Gasol,1/29/1985,16.545063079552286,25.615384615384617,13
Mbahalu01,Luc Mbah a Moute,9/9/1986,16.542585414350437,16.625,8
Mutomdi01,Dikembe Mutombo,6/25/1966,16.531261793186083,18.555555555555557,9
Brownja02,Jaylen Brown,10/24/1996,16.512008047852493,19.4,5
Mirotni01,Nikola Mirotic,2/11/1991,16.50219742066227,18.0,5
Bynumwi01,Will Bynum,1/4/1983,16.48358789083588,12.2,5
Waitedi01,Dion Waiters,12/10/1991,16.47036798443377,20.0,7
Carroma01,Matt Carroll,8/28/1980,16.429943760591332,12.5,6
Longgr01,Grant Long,3/12/1966,16.429537298655188,12.666666666666666,6
Millspa01,Paul Millsap,2/10/1985,16.41070793198713,21.266666666666666,15
Gallola01,Langston Galloway,12/9/1991,16.368513300578233,16.5,6
Broekry01,Ryan Broekhoff,8/23/1990,16.36135011210823,5.0,1
Willije01,Jerome Williams,5/10/1973,16.30710091039951,17.625,8
Burksal01,Alec Burks,7/20/1991,16.302937694925536,10.5,10
Willija02,Jason Williams,11/18/1975,16.285956917531305,19.727272727272727,11
Landrca01,Carl Landry,9/19/1983,16.268450352811467,12.11111111111111,9
Lopezro01,Robin Lopez,4/1/1988,16.2332422381608,17.666666666666668,9
Martike02,Kevin Martin,2/1/1983,16.221945965905334,20.545454545454547,11
Odomla01,Lamar Odom,11/6/1979,16.166659541257175,24.153846153846153,13
Pressph01,Phil Pressey,2/17/1991,16.154061462154296,4.0,2
Whitede01,Derrick White,7/2/1994,16.148054749805834,17.666666666666668,3
Pargoje01,Jeremy Pargo,3/17/1986,16.120799931791133,4.0,1
Wrighdo01,Dorell Wright,12/2/1985,16.119176816329134,13.25,8
Sealyma01,Malik Sealy,2/1/1970,16.111544350437146,22.333333333333332,3
Grangda01,Danny Granger,4/20/1983,16.10052629961664,23.625,8
Fryech01,Channing Frye,5/17/1983,16.086658506731354,10.375,8
Augmost01,Stacey Augmon,8/1/1968,16.06363613646893,11.11111111111111,9
Elliose01,Sean Elliott,2/2/1968,16.06122351288552,10.2,5
Robinbe01,Bernard Robinson,12/26/1980,16.049807412389956,7.0,3
Hornaje01,Jeff Hornacek,5/3/1963,16.048858059626088,22.0,3
Martica01,Cartier Martin,11/20/1984,16.041481694033127,5.25,4
Barklch01,Charles Barkley,2/20/1963,16.00498234014044,14.0,4
Griffed01,Eddie Griffin,5/30/1982,15.976784830163545,17.75,4
Wiggian01,Andrew Wiggins,2/23/1995,15.971533063302806,28.0,7
Maybele01,Lee Mayberry,6/12/1970,15.923182561400147,14.0,2
Jacobca01,Casey Jacobsen,3/19/1981,15.922731932501781,6.5,2
Iguodan01,Andre Iguodala,1/28/1984,15.908174384233924,24.58823529411765,17
Lawsoty01,Ty Lawson,11/3/1987,15.876730398250118,19.375,8
Newblir01,Ira Newble,1/20/1975,15.866241449434398,13.333333333333334,6
Willish01,Shammond Williams,4/5/1975,15.832152614202924,10.666666666666666,6
Tayloje03,Jeffery Taylor,5/23/1989,15.79862293625583,7.333333333333333,3
Mejrisa01,Salah Mejri,6/15/1986,15.78229455707264,9.0,3
Martija01,Jarell Martin,5/24/1994,15.779427993899002,11.0,2
Masonde01,Desmond Mason,10/11/1977,15.770215537521409,25.333333333333332,9
Fournev01,Evan Fournier,10/29/1992,15.680278484910666,22.125,8
Curryse01,Seth Curry,8/23/1990,15.679985797142981,15.0,5
Russebr01,Bryon Russell,12/31/1970,15.664662590259905,20.5,8
Fordtj01,T.J. Ford,3/24/1983,15.649273123074009,18.142857142857142,7
Mahinia01,Ian Mahinmi,11/5/1986,15.64368650087314,10.5,6
Hummero01,Robbie Hummel,3/8/1989,15.574940499404248,5.5,2
Martike01,Kenyon Martin,12/30/1977,15.572552388609646,17.333333333333332,12
Maccuto01,Todd MacCulloch,1/27/1976,15.562963275246112,7.0,3
Jordade01,DeAndre Jordan,7/21/1988,15.560389668980964,17.625,8
Thomptr01,Tristan Thompson,3/13/1991,15.555316283353473,17.9,10
Williwa02,Walt Williams,4/16/1970,15.488074420995249,16.142857142857142,7
Thomaty01,Tyrus Thomas,8/17/1986,15.487177005373344,9.857142857142858,7
Thomajo02,John Thomas,9/8/1975,15.46384488003347,3.6666666666666665,3
Hensojo01,John Henson,12/28/1990,15.366182960525139,13.285714285714286,7
Robinla01,Larry Robinson,1/11/1968,15.323576923820026,5.0,1
Okafoja01,Jahlil Okafor,12/15/1995,15.31799143478861,6.75,4
Bayleje01,Jerryd Bayless,8/20/1988,15.285899448954826,12.7,10
Milleol01,Oliver Miller,4/6/1970,15.27333037670851,14.0,3
Ellisla01,LaPhonso Ellis,5/5/1970,15.258152898678844,17.571428571428573,7
Hibbero01,Roy Hibbert,12/11/1986,15.227771387108659,21.142857142857142,7
Johnsan02,Anthony Johnson,10/2/1974,15.227044560163904,10.363636363636363,11
Tuckepj01,P.J. Tucker,5/5/1985,15.209408615959912,22.4,5
Dunnkr01,Kris Dunn,3/18/1994,15.169294701322142,15.75,4
Okafoem01,Emeka Okafor,9/28/1982,15.123712748492457,21.88888888888889,9
Witheje01,Jeff Withey,3/7/1990,15.115675336859585,7.0,1
Dampier01,Erick Dampier,7/14/1975,15.099597756562945,12.76923076923077,13
Roseja01,Jalen Rose,1/30/1973,15.09037846809233,24.6,10
Evansty01,Tyreke Evans,9/19/1989,15.080900697792575,20.4,10
Langan01,Andrew Lang,6/28/1966,15.064804846179035,4.5,2
Zipsepa01,Paul Zipser,2/18/1994,14.952314752335335,6.5,2
Chrisdo01,Doug Christie,5/9/1970,14.926237979988823,27.375,8
Wilkido01,Dominique Wilkins,1/12/1960,14.908490332342144,12.0,1
Brandel01,Elton Brand,3/11/1979,14.883273205351374,23.466666666666665,15
Boguemu01,Muggsy Bogues,1/9/1965,14.88152849189695,15.333333333333334,3
Bradlsh01,Shawn Bradley,3/22/1972,14.857875057211011,12.333333333333334,9
Houstal01,Allan Houston,4/20/1971,14.842077357066946,26.5,8
Moblecu01,Cuttino Mobley,9/1/1975,14.839200352836286,25.636363636363637,11
Allento01,Tony Allen,1/11/1982,14.837159170425394,16.928571428571427,14
Hendege02,Gerald Henderson,12/9/1987,14.826891118854263,20.0,7
Hendege01,Gerald Henderson,1/16/1956,14.826891118854263,20.0,7
Wallabe01,Ben Wallace,9/10/1974,14.791669428740034,20.666666666666668,15
Kerrst01,Steve Kerr,9/27/1965,14.77256587615515,11.571428571428571,7
Bareajo01,J.J. Barea,6/26/1984,14.767669026224537,12.083333333333334,12
Simmobo01,Bobby Simmons,6/2/1980,14.759954037597911,19.285714285714285,7
Lavinza01,Zach LaVine,3/10/1995,14.748252844616127,19.714285714285715,7
Milesda01,Darius Miles,10/9/1981,14.743807086950573,19.833333333333332,6
Portibo01,Bobby Portis,2/10/1995,14.720715096793967,9.6,5
Dudlech02,Chris Dudley,2/22/1965,14.666706543475348,9.25,4
Ingrabr01,Brandon Ingram,9/2/1997,14.655534025178017,21.8,5
Palacmi01,Milt Palacio,2/7/1978,14.650932612172003,16.2,5
Jonesed02,Eddie Jones,10/20/1971,14.633330247576604,25.0,9
Jonesda01,Damon Jones,8/25/1976,14.586680117214115,17.11111111111111,9
Robined01,Eddie Robinson,4/19/1976,14.572749186443113,7.333333333333333,3
Bassbr01,Brandon Bass,4/30/1985,14.572308371303265,20.625,8
Harprma01,Matt Harpring,5/31/1976,14.551401145794625,17.4,10
Mcdyean01,Antonio McDyess,9/7/1974,14.543685960381232,18.90909090909091,11
Smitsri01,Rik Smits,8/23/1966,14.482492329940802,16.333333333333332,3
Hendece02,Cedric Henderson,3/11/1975,14.449456483099738,12.333333333333334,3
Hendece01,Cedric Henderson,10/3/1965,14.449456483099738,12.333333333333334,3
Thomaku01,Kurt Thomas,10/4/1972,14.443415341262494,19.083333333333332,12
Maxweve01,Vernon Maxwell,9/12/1965,14.42693620761497,13.25,4
Gortama01,Marcin Gortat,2/17/1984,14.40986296209607,21.142857142857142,7
Jacksma02,Marc Jackson,1/16/1975,14.397171105320302,11.0,5
Boothca01,Calvin Booth,5/7/1976,14.344147646498802,6.0,3
Atkinch01,Chucky Atkins,8/14/1974,14.320189917445763,21.77777777777778,9
Kuzmaky01,Kyle Kuzma,7/24/1995,14.313997440364101,22.0,4
Coleno01,Norris Cole,10/13/1988,14.292969074944073,12.8,5
Hasleud01,Udonis Haslem,6/9/1980,14.244828868753073,19.5,12
Johnsal01,Alexander Johnson,2/8/1983,14.217907803210505,5.0,2
Robinna01,Nate Robinson,5/31/1984,14.144895752194179,16.5,10
Denglu01,Luol Deng,4/16/1985,14.091157358638172,22.071428571428573,14
Bowenry01,Ryan Bowen,11/20/1975,14.07984858145737,13.4,5
Craigto01,Torrey Craig,12/19/1990,14.077187785085473,16.0,3
Scolalu01,Luis Scola,4/30/1980,14.068827786503487,18.25,8
Fizerma01,Marcus Fizer,8/10/1978,14.064476028987542,10.6,5
Arthuda01,Darrell Arthur,3/25/1988,14.045817779819611,9.125,8
Dekkesa01,Sam Dekker,5/6/1994,14.043304912211973,4.0,1
Keefead01,Adam Keefe,2/22/1970,14.015620474241162,6.333333333333333,3
Buckngr01,Greg Buckner,9/16/1976,14.008020176874965,12.5,10
Odengr01,Greg Oden,1/22/1988,13.994967357461132,9.5,2
Willima02,Marvin Williams,6/19/1986,13.98259630722966,20.666666666666668,15
Bynuman01,Andrew Bynum,10/27/1987,13.948394182526817,11.571428571428571,7
Rosema01,Malik Rose,11/23/1974,13.947095865745315,11.7,10
Sabondo01,Domantas Sabonis,5/3/1996,13.906162149004661,16.8,5
Perkike01,Kendrick Perkins,11/10/1984,13.904638353246373,15.0,11
Holidjr01,Jrue Holiday,6/12/1990,13.904331613460267,22.916666666666668,12
Diallch01,Cheick Diallo,9/13/1996,13.901016530262844,5.0,1
Madsema01,Mark Madsen,1/28/1976,13.898152325556486,6.2,5
Adamsst01,Steven Adams,7/20/1993,13.866627251146529,27.428571428571427,7
Turneev01,Evan Turner,10/27/1988,13.864977143296072,20.666666666666668,9
Hutchch01,Chandler Hutchison,4/26/1996,13.837715291793979,3.6666666666666665,3
Hamda01,Darvin Ham,7/23/1973,13.830161317943478,8.666666666666666,6
Anderde01,Derek Anderson,7/18/1974,13.824950012529065,15.777777777777779,9
Watsoea01,Earl Watson,6/12/1979,13.81848688114763,14.818181818181818,11
Oaklech01,Charles Oakley,12/18/1963,13.806470377217927,21.0,6
Sprewla01,Latrell Sprewell,9/8/1970,13.751368086453816,28.5,8
Profila01,Laron Profit,8/5/1977,13.741242122896361,4.5,2
Hawkihe01,Hersey Hawkins,9/29/1966,13.739184524010959,22.0,3
Besttr01,Travis Best,7/12/1972,13.73165640537259,19.444444444444443,9
Brownde03,Dee Brown,8/17/1984,13.729143195548792,14.0,4
Brownde01,Dee Brown,11/29/1968,13.729143195548792,14.0,4
Szczewa02,Wally Szczerbiak,3/5/1977,13.6745425795605,20.8,10
Lafrera01,Raef LaFrentz,5/29/1976,13.641551391771133,23.142857142857142,7
Blaylmo01,Mookie Blaylock,3/20/1967,13.59088932296668,17.0,5
Youngtr01,Trae Young,9/19/1998,13.580661609967303,21.0,3
Reevebr01,Bryant Reeves,6/8/1973,13.566585255246368,14.0,4
Klebima01,Maxi Kleber,1/29/1992,13.559871269651978,17.25,4
Turiaro01,Ronny Turiaf,1/13/1983,13.534805328104014,13.8,5
Harriot01,Othella Harrington,1/31/1974,13.526610616235489,12.333333333333334,6
Mcdanxa01,Xavier McDaniel,6/4/1963,13.525722303657895,12.0,1
Fortsda01,Danny Fortson,3/27/1976,13.525196748001793,6.571428571428571,7
Richapo01,Pooh Richardson,5/14/1966,13.487223495574522,13.0,2
Dedmode01,Dewayne Dedmon,8/12/1989,13.475529507928364,9.666666666666666,6
Udrihbe01,Beno Udrih,7/5/1982,13.474418500699693,14.181818181818182,11
Songada01,Darius Songaila,2/14/1978,13.430582195082504,13.0,7
Thompja02,Jason Thompson,7/21/1986,13.39536934455175,16.571428571428573,7
Capelca01,Clint Capela,5/18/1994,13.387252909284129,15.166666666666666,6
Declean01,Andrew DeClercq,2/1/1973,13.375268144919614,9.0,8
Salmojo01,John Salmons,12/12/1979,13.353103025527084,23.818181818181817,11
Booketr01,Trevor Booker,11/25/1987,13.32930968469508,12.285714285714286,7
Patteru01,Ruben Patterson,7/31/1975,13.329267847005228,22.875,8
Naderab01,Abdel Nader,9/25/1993,13.290493372944686,4.0,1
Azubuke01,Kelenna Azubuike,12/16/1983,13.284403308618039,25.5,2
Dumarjo01,Joe Dumars,5/24/1963,13.274531412766274,19.5,2
Parsoch01,Chandler Parsons,10/25/1988,13.250477473426946,18.428571428571427,7
Mariosh01,Shawn Marion,5/7/1978,13.244367762830281,23.375,8
Banksma01,Marcus Banks,11/19/1981,13.182355813857656,10.666666666666666,3
Batismi01,Mike Batiste,11/21/1977,13.164039486893984,7.0,1
Gibsota01,Taj Gibson,6/24/1985,13.162075049512891,18.666666666666668,12
Breweco01,Corey Brewer,3/5/1986,13.149001182905714,16.5,12
Lambje01,Jeremy Lamb,5/30/1992,13.135476522856662,11.875,8
Pachuza01,Zaza Pachulia,2/10/1984,13.130094315979935,13.923076923076923,13
Walkebi01,Henry Walker,10/9/1987,13.126956383420703,6.0,3
Wrighbr03,Brandan Wright,10/5/1987,13.123775757830506,8.285714285714286,7
Carnero01,Rodney Carney,4/15/1984,13.11249216105447,10.25,4
Johnser02,Ervin Johnson,12/21/1967,13.098708448078728,20.714285714285715,7
Bridgmi02,Miles Bridges,3/21/1998,13.069000079352634,17.666666666666668,3
Korveky01,Kyle Korver,3/17/1981,13.052927027263571,21.647058823529413,17
Radmavl01,Vladimir Radmanovic,11/19/1980,13.020378598908849,12.666666666666666,12
Murrade01,Dejounte Murray,9/19/1996,12.999578787321646,21.0,3
Jacksju01,Justin Jackson,3/28/1995,12.985081542008755,6.75,4
Mcrobjo01,Josh McRoberts,2/28/1987,12.970684857510895,13.0,6
Tayloma01,Maurice Taylor,10/30/1976,12.894129244266306,16.25,8
Leeco01,Courtney Lee,10/3/1985,12.893959904171467,22.2,10
Smithmi02,Michael Smith,3/28/1972,12.893439131523746,14.8,5
Smithmi01,Michael Smith,5/19/1965,12.893439131523746,14.8,5
Persowe01,Wesley Person,3/28/1971,12.879404734680975,14.714285714285714,7
Wilkida02,Damien Wilkins,1/11/1980,12.841920743877232,11.875,8
Singlja01,James Singleton,7/20/1981,12.839651984741263,8.25,4
Livinsh01,Shaun Livingston,9/11/1985,12.837845565179675,10.0,11
Collini01,Nick Collison,10/26/1980,12.834343510798492,13.545454545454545,11
Jefferi01,Richard Jefferson,6/21/1980,12.834011694346117,20.5625,16
Knightr01,Travis Knight,9/13/1974,12.80448816691099,8.2,5
Rosste01,Terrence Ross,2/5/1991,12.757245525481682,16.444444444444443,9
Divindo01,Donte DiVincenzo,1/31/1997,12.746733823350581,13.0,2
Artesro01,Metta World Peace,11/13/1979,12.701744740097391,20.266666666666666,15
Geigema01,Matt Geiger,9/10/1969,12.670535032954986,9.666666666666666,3
Laettch01,Christian Laettner,8/17/1969,12.651048089217312,16.875,8
Williaa01,Aaron Williams,10/2/1971,12.61633553267043,11.5,8
Holmeri01,Richaun Holmes,10/15/1993,12.601452041186093,15.75,4
Liggide01,DeAndre Liggins,3/31/1988,12.576537724490962,5.0,1
Johnsde03,DerMarr Johnson,5/5/1980,12.566649546693268,10.75,4
Kittlke01,Kerry Kittles,6/12/1974,12.557134279942872,18.285714285714285,7
Harklma01,Maurice Harkless,5/11/1993,12.550990290449429,13.11111111111111,9
Napiesh01,Shabazz Napier,7/14/1991,12.543834456040603,8.2,5
Rossqu01,Quinton Ross,4/30/1981,12.54378281505636,17.142857142857142,7
Greenwi01,Willie Green,7/28/1981,12.52250657528038,11.8,10
Buechju01,Jud Buechler,6/19/1968,12.496451033375374,8.75,4
Perduwi01,Will Perdue,8/29/1965,12.478320835827313,5.666666666666667,3
Chrisse01,Semaj Christon,11/1/1992,12.477975115014384,6.0,1
Duprero01,Ronald Dupree,1/26/1981,12.477291248046365,5.5,2
Masonan01,Anthony Mason,12/14/1966,12.445481655593852,35.0,3
Roberan03,Andre Roberson,12/4/1991,12.380376379671604,20.5,4
Harride01,Devin Harris,2/27/1983,12.343410396022856,16.133333333333333,15
Bryanma01,Mark Bryant,4/25/1965,12.318439728199955,11.5,2
Lenarvo01,Voshon Lenard,5/14/1973,12.277794954367165,18.142857142857142,7
Langan02,Antonio Lang,5/15/1972,12.273749664366667,7.0,1
Snower01,Eric Snow,4/24/1973,12.212002377156645,23.0,12
Przybjo01,Joel Przybilla,10/10/1979,12.184271049142502,10.5,8
Dienetr01,Travis Diener,3/1/1982,12.170818478148334,8.666666666666666,3
Beverpa01,Patrick Beverley,7/12/1988,12.168337712158847,18.6,5
Papanko01,Kostas Papanikolaou,7/31/1990,12.120362331925095,4.0,1
Walkean02,Antoine Walker,8/12/1976,12.111574283990343,26.363636363636363,11
Kukocto01,Toni Kukoc,9/18/1968,12.10789884807825,17.2,10
Shumpim01,Iman Shumpert,6/26/1990,12.107090221364148,12.75,8
Willija01,Jayson Williams,2/22/1968,12.052427881655847,11.5,2
Grayed01,Ed Gray,9/27/1975,12.03452475316717,3.5,2
Clarkia01,Ian Clark,3/7/1991,12.012449467958675,10.0,3
Hillso01,Solomon Hill,3/18/1991,12.011119418749368,16.166666666666668,6
Fosteje01,Jeff Foster,1/16/1977,12.004523188062928,16.818181818181817,11
Smartma01,Marcus Smart,3/6/1994,11.9973923000805,24.0,7
Watanyu01,Yuta Watanabe,10/13/1994,11.966643196290152,3.0,1
Plumlma01,Mason Plumlee,3/5/1990,11.959017581239701,19.333333333333332,6
Mercero01,Ron Mercer,5/18/1976,11.958189105930055,12.571428571428571,7
Miltosh01,Shake Milton,9/26/1996,11.93271987365176,6.0,2
Davisda01,Dale Davis,3/25/1969,11.926860561607985,18.666666666666668,9
Mayooj01,O.J. Mayo,11/5/1987,11.89021973623362,23.625,8
Ibakase01,Serge Ibaka,9/18/1989,11.863163362044572,23.545454545454547,11
Drobnpr01,Predrag Drobnjak,10/27/1975,11.861448801994861,12.75,4
Willier01,Eric Williams,7/17/1972,11.8255940534619,17.666666666666668,9
Youngth01,Thaddeus Young,6/21/1988,11.777306315322727,23.25,12
Arizatr01,Trevor Ariza,6/30/1985,11.753041369469335,21.9375,16
Davisan01,Antonio Davis,10/31/1968,11.743685886959263,24.77777777777778,9
Gallida01,Danilo Gallinari,8/8/1988,11.727447794000458,20.666666666666668,9
Millemi01,Mike Miller,2/19/1980,11.69646015530948,19.8,15
Johnsav01,Avery Johnson,3/25/1965,11.637726772878793,17.4,5
Holidju01,Justin Holiday,4/5/1989,11.627640877379372,19.857142857142858,7
Belljo01,Jordan Bell,1/7/1995,11.625570480437894,3.0,2
Hansetr01,Travis Hansen,4/15/1978,11.607637097244497,3.0,1
Robincl02,Clifford Robinson,12/16/1966,11.603800870366557,25.571428571428573,7
Cheanca01,Calbert Cheaney,7/17/1971,11.59922829906229,13.714285714285714,7
Jacksst02,Stephen Jackson,4/5/1978,11.589513328533675,22.916666666666668,12
Reidjr01,J.R. Reid,3/31/1968,11.58158035006024,7.5,2
Robinmi01,Mitchell Robinson,4/1/1998,11.56640413667987,10.0,3
Lamplse01,Sean Lampley,9/3/1979,11.537261981509312,3.0,2
Motiedo01,Donatas Motiejunas,9/20/1990,11.53206019672658,10.5,2
Paytoel01,Elfrid Payton,2/22/1994,11.524113020203918,19.5,6
Millsch01,Chris Mills,1/25/1970,11.498449708374752,13.714285714285714,7
Feickja01,Jamie Feick,7/3/1974,11.445615299554872,12.0,3
Aminual01,Al-Farouq Aminu,9/21/1990,11.432339001012966,17.8,10
Huertke01,Kevin Huerter,8/27/1998,11.420301991090355,18.0,3
Grantho01,Horace Grant,7/4/1965,11.408405977025756,21.833333333333332,6
Collija03,Jarron Collins,12/2/1978,11.389265997597406,8.5,4
Garripa01,Pat Garrity,8/23/1976,11.340296455220345,22.5,6
Casspom01,Omri Casspi,6/22/1988,11.336623016432506,12.428571428571429,7
Grahajo01,Joey Graham,6/11/1982,11.334172464353394,8.0,4
Dixonju01,Juan Dixon,10/9/1978,11.331465153247638,14.285714285714286,7
Petrojo01,Johan Petro,1/27/1986,11.313282004874193,8.5,2
Hawkiju01,Juaquin Hawkins,7/2/1973,11.259907142280829,6.0,1
Diopde01,DeSagana Diop,1/30/1982,11.252987452640552,8.5,6
Hawkimi01,Michael Hawkins,10/28/1972,11.196871980713716,4.0,1
Peelean01,Anthony Peeler,11/25/1969,11.193730900961885,16.666666666666668,9
Ratlith01,Theo Ratliff,4/17/1973,11.18628533551184,18.4,10
Fishede01,Derek Fisher,8/9/1974,11.17836949734302,18.0,18
Willish03,Shawne Williams,2/16/1986,11.176634293255093,8.166666666666666,6
Barneha02,Harrison Barnes,5/30/1992,11.17103588839878,25.88888888888889,9
Robinth01,Thomas Robinson,3/17/1991,11.098478610398749,4.333333333333333,3
Huertma01,Marcelo Huertas,5/25/1983,11.087403918829182,3.0,1
Valende01,Denzel Valentine,11/16/1993,11.048997306737633,11.5,4
Brownkw01,Kwame Brown,3/10/1982,11.040177002847209,10.333333333333334,9
Smithis01,Ish Smith,7/5/1988,11.028648594262236,11.125,8
Davisri01,Ricky Davis,9/23/1979,11.020796786000702,28.5,8
Marksse01,Sean Marks,8/23/1975,11.013585233875606,4.5,2
Headlu01,Luther Head,11/26/1982,11.01266895451151,20.0,4
Corbity01,Tyrone Corbin,12/31/1962,10.97637528151231,16.333333333333332,3
Rogerca01,Carlos Rogers,2/6/1971,10.963487558905536,8.5,4
Powelno01,Norman Powell,5/25/1993,10.934744846760104,12.4,5
Scottby01,Byron Scott,3/28/1961,10.934408177336463,23.0,1
Koufoko01,Kosta Koufos,2/24/1989,10.923477219431367,7.142857142857143,7
Jonesju01,Jumaine Jones,2/10/1979,10.920357625908816,19.4,5
Howarjo01,Josh Howard,4/28/1980,10.917155587335172,15.5,8
Weemsso01,Sonny Weems,7/8/1986,10.81784397740495,14.0,2
Piatker01,Eric Piatkowski,9/30/1970,10.804982453589393,17.11111111111111,9
Marshke01,Kendall Marshall,8/19/1991,10.742928497437083,7.0,1
Chandwi01,Wilson Chandler,5/10/1987,10.742714456548924,20.666666666666668,9
Conloma01,Marty Conlon,1/19/1968,10.731623797366138,11.0,1
Warriha01,Hakim Warrick,7/8/1982,10.63364688704076,10.0,6
Wesleda01,David Wesley,11/14/1970,10.623363488939722,22.333333333333332,6
Boganke01,Keith Bogans,5/12/1980,10.615299927432012,15.375,8
Mooremi01,Mikki Moore,11/4/1975,10.609029270968163,12.666666666666666,6
Ekeziob01,Obinna Ekezie,8/22/1975,10.592154912442998,5.5,2
Dellama01,Matthew Dellavedova,9/8/1990,10.586897210029138,13.142857142857142,7
Crowdja01,Jae Crowder,7/6/1990,10.54001198192013,21.5,8
Carran01,Antoine Carr,7/23/1961,10.518372926016344,14.5,2
Duhonch01,Chris Duhon,8/31/1982,10.500853448514269,17.22222222222222,9
Mcgruro01,Rodney McGruder,7/29/1991,10.476115283446775,7.5,2
Stevede01,DeShawn Stevenson,4/3/1981,10.475050569505095,13.818181818181818,11
Poweldw01,Dwight Powell,7/20/1991,10.4575223685236,12.166666666666666,6
Surabo01,Bob Sura,3/25/1973,10.45194786228681,18.875,8
Millsel01,Elijah Millsap,8/12/1987,10.443408817152186,12.0,1
Bradlav01,Avery Bradley,11/26/1990,10.431882766513185,20.555555555555557,9
Anderch01,Chris Andersen,7/7/1978,10.383510493453862,7.0,8
Ferreyo01,Yogi Ferrell,5/9/1993,10.365422886671762,11.75,4
Jacksjo02,Josh Jackson,2/10/1997,10.337208195212007,8.5,2
Ellinwa01,Wayne Ellington,11/29/1987,10.306089903241908,14.3,10
Harpede01,Derek Harper,10/13/1961,10.294405555537878,18.666666666666668,3
Owensbi01,Billy Owens,5/1/1969,10.230054556178102,12.8,5
Leeda03,Damion Lee,10/21/1992,10.205704718559124,8.333333333333334,3
Anticpe01,Pero Antic,7/29/1982,10.1883136583604,13.5,2
Clarkke01,Keon Clark,4/16/1975,10.184885261831614,14.6,5
Bullore01,Reggie Bullock,3/16/1991,10.14489146504088,14.4,5
Scalabr01,Brian Scalabrine,3/18/1978,10.135022143180567,8.5,4
Ridnolu01,Luke Ridnour,2/13/1981,10.124665571556386,18.0,11
Mckieaa01,Aaron McKie,10/2/1972,10.122990565389184,24.375,8
Bertada01,Davis Bertans,11/12/1992,10.099346515428836,17.0,4
Hillty01,Tyrone Hill,3/19/1968,10.084132910001031,19.0,6
Mcguido01,Dominic McGuire,10/20/1985,10.047306543019927,12.0,6
Brewero02,Ronnie Brewer,3/20/1985,10.041089192324891,15.0,6
Childjo01,Josh Childress,6/20/1983,10.017069954228846,24.75,4
Grantbr01,Brian Grant,3/5/1972,9.980438194286585,21.0,8
Whitnch01,Chris Whitney,10/5/1971,9.953021433492586,13.166666666666666,6
Huntest01,Steven Hunter,10/31/1981,9.917356001613994,6.0,4
Caldwke01,Kentavious Caldwell-Pope,2/18/1993,9.913157096622236,21.25,8
Isaacjo01,Jonathan Isaac,10/3/1997,9.907767653243711,11.0,3
Skinnbr01,Brian Skinner,5/19/1976,9.900571521678366,8.222222222222221,9
Thomake01,Kenny Thomas,7/25/1977,9.896806765813514,16.5,10
Bogutan01,Andrew Bogut,11/28/1984,9.871220730837376,18.166666666666668,12
Biyombi01,Bismack Biyombo,8/28/1992,9.866696329761377,12.11111111111111,9
Westde01,Delonte West,7/26/1983,9.863487451030046,16.375,8
Rondora01,Rajon Rondo,2/22/1986,9.854107398170402,20.142857142857142,14
Howarju01,Juwan Howard,2/7/1973,9.843026374321013,22.2,10
Larkish01,Shane Larkin,10/2/1992,9.828178104050405,11.0,2
Mccarwa01,Walter McCarty,2/1/1974,9.790016996561826,13.857142857142858,7
Baynear01,Aron Baynes,12/9/1986,9.779194940138197,8.0,6
Princta01,Tayshaun Prince,2/28/1980,9.768514702545186,25.5,14
Roberst01,Stanley Roberts,2/7/1970,9.764863744068098,8.5,2
Hinriki01,Kirk Hinrich,1/2/1981,9.748445041577206,23.692307692307693,13
Foxri01,Rick Fox,7/24/1969,9.74183258911629,18.625,8
Crawfch01,Chris Crawford,5/13/1975,9.675039271502161,9.0,3
Olynyke01,Kelly Olynyk,4/19/1991,9.654141658128815,14.75,8
Mihmch01,Chris Mihm,7/16/1979,9.637972108126288,9.166666666666666,6
Packro01,Robert Pack,2/3/1969,9.627917299681409,6.5,6
Matthwe02,Wesley Matthews,10/14/1986,9.623432103507302,24.0,12
Bremejr01,J.R. Bremer,9/19/1980,9.61261450832987,9.5,2
Vanhoke01,Keith Van Horn,10/23/1975,9.607816642683341,23.0,8
Amaecjo01,John Amaechi,11/26/1970,9.595744266972662,8.333333333333334,3
Grahade01,Devonte' Graham,2/22/1995,9.55914291496963,16.666666666666668,3
Murratr01,Tracy Murray,7/25/1971,9.553949004204739,11.75,4
Wrighde01,Delon Wright,4/26/1992,9.553490061696113,15.75,4
Summeda01,DaJuan Summers,1/24/1988,9.513662659810759,4.0,2
Lambdo01,Doron Lamb,11/6/1991,9.482161235763698,3.0,1
Beaslma01,Malik Beasley,11/26/1996,9.460401675913104,14.0,3
Horryro01,Robert Horry,8/25/1970,9.436516857722799,15.25,12
Willise01,Sean Williams,9/13/1986,9.41931163651959,13.0,1
Colemde01,Derrick Coleman,6/21/1967,9.382693477278005,16.75,4
Dudleja01,Jared Dudley,7/10/1985,9.330072031885646,17.5,4
Gilled01,Eddie Gill,8/16/1978,9.31191392806316,4.333333333333333,3
Phillbo01,Bobby Phills,12/20/1969,9.293102386164557,24.0,1
Thomati01,Tim Thomas,2/26/1977,9.283815824765998,20.181818181818183,11
Wingada01,David Wingate,12/15/1963,9.246424655294982,3.0,2
Afflaar01,Arron Afflalo,10/15/1985,9.220111653049363,22.1,10
Brockjo01,Jon Brockman,3/20/1987,9.202350565819318,10.0,1
Benoida01,David Benoit,5/9/1968,9.17112293762456,6.0,2
Teaguje01,Jeff Teague,6/10/1988,9.168046053321872,18.636363636363637,11
Wrighlo02,Lorenzen Wright,11/4/1975,9.126742817436497,13.272727272727273,11
Battish01,Shane Battier,9/9/1978,9.062605379446437,25.53846153846154,13
Plumlmi01,Miles Plumlee,9/1/1988,9.040034870366298,6.0,3
Diawbo01,Boris Diaw,4/16/1982,9.002944967162225,19.636363636363637,11
Harriga01,Gary Harris,9/14/1994,8.991022865921565,19.0,7
Giricgo01,Gordan Giricek,6/20/1977,8.980494182021449,13.8,5
Greenac01,A.C. Green,10/4/1963,8.972491397099319,15.75,4
Grahast01,Stephen Graham,6/11/1982,8.940935286029601,7.25,4
Murphtr01,Troy Murphy,5/2/1980,8.871696760728046,19.444444444444443,9
Wallajo01,John Wallace,2/9/1974,8.869201157099722,6.666666666666667,3
Leoname01,Meyers Leonard,2/27/1992,8.84442966809346,5.666666666666667,6
Eisleho01,Howard Eisley,12/4/1972,8.825448999189712,13.428571428571429,7
Bellch01,Charlie Bell,3/12/1979,8.790905355150922,23.4,5
Mashbja01,Jamal Mashburn,11/29/1972,8.775250047413214,16.333333333333332,6
Waltolu01,Luke Walton,3/28/1980,8.688451239252538,13.428571428571429,7
Webstma02,Martell Webster,12/4/1986,8.684403196257511,15.555555555555555,9
Sefolth01,Thabo Sefolosha,5/2/1984,8.663854155556036,17.75,12
Scottde01,Dennis Scott,9/5/1968,8.618814221725783,18.666666666666668,3
Jonesja02,James Jones,10/4/1980,8.615374091907436,10.714285714285714,7
Millspa02,Patty Mills,8/11/1988,8.609644409289068,17.0,9
Bogdabo01,Bogdan Bogdanovic,8/18/1992,8.582731007579092,21.25,4
Mcleoro01,Roshown McLeod,11/17/1975,8.573084426939797,8.0,2
Nurkiju01,Jusuf Nurkic,8/23/1994,8.521188753899624,12.0,7
Krstine01,Nenad Krstic,7/25/1983,8.508543432970395,11.714285714285714,7
Sacrero01,Robert Sacre,6/6/1989,8.501780805007765,5.5,2
Rileyer01,Eric Riley,6/2/1970,8.469671190168803,4.0,2
Finnedo01,Dorian Finney-Smith,5/4/1993,8.446001866791226,16.8,5
Doolike01,Keyon Dooling,5/8/1980,8.435553096902597,12.909090909090908,11
Chrisma01,Marquese Chriss,7/2/1997,8.428729549031093,6.0,1
Aldemfu01,Furkan Aldemir,8/9/1991,8.421778841655529,4.0,1
Garbajo01,Jorge Garbajosa,12/19/1977,8.389230385121303,14.0,1
Dunlemi02,Mike Dunleavy,9/15/1980,8.387409245162088,18.466666666666665,15
Dunlemi01,Mike Dunleavy,3/21/1954,8.387409245162086,18.466666666666665,15
Nichoan01,Andrew Nicholson,12/8/1989,8.377749337246522,4.0,3
Blounma01,Mark Blount,11/30/1975,8.373011698143287,18.285714285714285,7
Perkisa01,Sam Perkins,6/14/1961,8.349949777347394,16.4,5
Vaughja01,Jacque Vaughn,2/11/1975,8.345529049383892,11.666666666666666,9
Andersh01,Shandon Anderson,12/31/1973,8.331126980665967,15.2,10
Macksh01,Shelvin Mack,4/22/1990,8.325161370257934,12.333333333333334,6
Daniean01,Antonio Daniels,3/19/1975,8.301355620341328,18.09090909090909,11
Johnsst04,Stanley Johnson,5/29/1996,8.277237789352974,13.0,5
Johnsty01,Tyler Johnson,5/7/1992,8.270602147003725,15.25,4
Kamanch01,Chris Kaman,4/28/1982,8.235013641761489,13.0,12
Balllo01,Lonzo Ball,10/27/1997,8.233502907631468,21.0,4
Danilsa01,Sasha Danilovic,2/26/1970,8.205696353605745,16.0,1
Jacksji01,Jim Jackson,10/14/1970,8.153299829789539,19.375,8
Georgde01,Devean George,8/29/1977,8.136669609504542,13.11111111111111,9
Rideris01,Isaiah Rider,3/12/1971,8.123236337807953,16.5,4
Bacondw01,Dwayne Bacon,8/30/1995,8.122103736573028,8.0,4
Kleizli01,Linas Kleiza,1/3/1985,8.10897612793996,10.666666666666666,6
Smithst03,Steven Smith,4/12/1983,8.044489301707932,20.125,8
Evansma01,Maurice Evans,11/8/1978,8.031543631823494,10.25,8
Magloja01,Jamaal Magloire,5/21/1978,7.999862725232224,16.571428571428573,7
Willisc01,Scott Williams,3/21/1968,7.9734948931979615,5.5,6
Fieldla01,Landry Fields,6/27/1988,7.961392431269532,14.5,4
Hilljo01,Jordan Hill,7/27/1987,7.916995159553229,13.0,5
Fraziti01,Tim Frazier,11/1/1990,7.916314148130635,7.0,3
Wilksmi01,Mike Wilks,5/7/1979,7.823986554724649,3.3333333333333335,3
Lenal01,Alex Len,6/16/1993,7.794147853253112,11.333333333333334,3
Kanteen01,Enes Kanter,5/20/1992,7.785955499213838,11.0,9
Hunteli01,Lindsey Hunter,12/3/1970,7.7431583572403095,13.9,10
Cunnida01,Dante Cunningham,4/22/1987,7.730470146940895,17.25,8
Ojelese01,Semi Ojeleye,12/5/1994,7.721375991213855,10.0,2
Eschmev01,Evan Eschmeyer,5/30/1975,7.719762723143617,5.5,2
Schrede01,Detlef Schrempf,1/21/1963,7.713315004440761,18.0,4
Bellra01,Raja Bell,9/19/1976,7.682604148614268,17.285714285714285,7
Brookma01,MarShon Brooks,1/26/1989,7.634949576895934,15.0,1
Murrala01,Lamond Murray,4/20/1973,7.615342915489582,15.777777777777779,9
Meeksjo01,Jodie Meeks,8/21/1987,7.609444250727857,14.0,7
Hayesja01,Jarvis Hayes,8/9/1981,7.553139057990019,16.571428571428573,7
Deherte01,Terry Dehere,9/12/1971,7.5271423494606795,16.0,2
Drewbr01,Bryce Drew,9/21/1974,7.525324896874554,11.5,2
Rushbr01,Brandon Rush,7/7/1985,7.486134526653846,15.5,6
Bowenbr01,Bruce Bowen,6/14/1971,7.485913862708706,22.5,12
Rogerro01,Rodney Rogers,6/20/1971,7.4794238849789,16.0,6
Outlabo01,Bo Outlaw,4/13/1971,7.476538155729585,20.4,5
Hudsotr01,Troy Hudson,3/13/1976,7.466832002684855,12.88888888888889,9
Bradlmi01,Michael Bradley,4/18/1979,7.458698129700117,8.0,1
Anderal01,Alan Anderson,10/16/1982,7.412564550069771,11.0,3
Brownra02,Randy Brown,5/22/1968,7.385027821870845,11.4,5
Mclembe01,Ben McLemore,2/11/1993,7.345058666401347,9.857142857142858,7
Battito01,Tony Battie,2/11/1976,7.338353196261409,14.181818181818182,11
Hezonma01,Mario Hezonja,2/25/1995,7.334019389516132,7.0,5
Petermo01,Morris Peterson,8/26/1977,7.324132873705883,21.625,8
Whitero02,Rodney White,6/28/1980,7.121565468518618,9.0,3
Parkeja01,Jabari Parker,3/15/1995,7.066520549621372,11.714285714285714,7
Johnswe01,Wesley Johnson,7/11/1987,7.0480645632023045,17.6,5
Parkesm01,Smush Parker,6/1/1981,6.97509417283667,19.5,4
Pondequ01,Quincy Pondexter,3/10/1988,6.942563785297064,14.333333333333334,3
Harrida01,David Harrison,8/15/1982,6.93022259134412,5.0,3
Currymi01,Michael Curry,8/22/1968,6.898285443422254,17.0,8
Jacksfr01,Frank Jackson,5/4/1998,6.84902149919143,6.666666666666667,3
Davisde01,Deyonta Davis,12/2/1996,6.827923544114124,5.0,1
Yarbrvi01,Vincent Yarbrough,3/21/1981,6.795077511930174,11.0,1
Macksa01,Sam Mack,5/26/1970,6.794856527447934,5.5,4
Hendeal01,Alan Henderson,12/2/1972,6.767619441846591,11.777777777777779,9
Buforro01,Rodney Buford,11/2/1977,6.751723419662035,12.666666666666666,3
Burketr01,Trey Burke,11/12/1992,6.709777809396111,12.142857142857142,7
Mooreet01,E'Twaun Moore,2/25/1989,6.686456670149438,15.0,8
Mccloge01,George McCloud,5/27/1967,6.670267322282423,24.5,4
Mayse01,Sean May,4/4/1984,6.602467948917934,5.0,2
Scottmi01,Mike Scott,7/16/1988,6.584882209595215,8.285714285714286,7
Voskuja01,Jake Voskuhl,11/1/1977,6.5611057908102355,5.5,2
Harrilu01,Lucious Harris,12/18/1970,6.557754686014123,13.25,8
Simpkdi01,Dickey Simpkins,4/6/1972,6.548244991207241,14.0,2
Kennalu01,Luke Kennard,6/24/1996,6.5421858767377445,8.0,3
Acyqu01,Quincy Acy,10/6/1990,6.493251341585926,7.666666666666667,3
Kaminfr01,Frank Kaminsky,4/4/1993,6.434796485185423,12.5,4
Jaricma01,Marko Jaric,10/12/1978,6.432110508440928,18.5,6
Willial02,Alvin Williams,8/6/1974,6.305851873515295,18.428571428571427,7
Richaqu01,Quentin Richardson,4/13/1980,6.286827487992858,14.909090909090908,11
Mccanra01,Rashad McCants,9/25/1984,6.266671454569003,12.75,4
Harpero01,Ron Harper,1/20/1964,6.263657994567939,12.4,5
Evansre01,Reggie Evans,5/18/1980,6.2430203348576345,7.444444444444445,9
Nealga01,Gary Neal,10/3/1984,6.233725927867741,13.333333333333334,6
Okogijo01,Josh Okogie,9/1/1998,6.225770458443198,12.666666666666666,3
Mozgoti01,Timofey Mozgov,7/16/1986,6.121898190692567,7.0,4
Allenla01,Lavoy Allen,2/4/1989,6.117384756831603,10.4,5
Mccawpa01,Patrick McCaw,10/25/1995,6.079163056059671,6.0,3
Carrode01,DeMarre Carroll,7/27/1986,6.0012232603022495,16.666666666666668,6
Hamiljo02,Jordan Hamilton,10/6/1990,5.971569271348007,5.0,1
Douglsh01,Sherman Douglas,9/15/1966,5.940680077719605,13.0,5
Crittja01,Javaris Crittenton,12/31/1987,5.930397287258865,9.0,1
Westdo01,Doug West,5/27/1967,5.918571087242207,10.5,4
Hayesch01,Chuck Hayes,6/11/1983,5.8460000870448745,12.666666666666666,9
Singlky01,Kyle Singler,5/4/1988,5.828773338366389,12.4,5
Hassetr01,Trenton Hassell,3/4/1979,5.768541707668507,19.555555555555557,9
Youngni01,Nick Young,6/1/1985,5.70840565301615,12.636363636363637,11
Jacksja02,Jaren Jackson,9/15/1999,5.668758534547696,9.5,2
Jacksja01,Jaren Jackson,10/27/1967,5.668758534547696,9.5,2
Harrial01,Al Harrington,2/17/1980,5.632386105478597,20.928571428571427,14
Curryde01,Dell Curry,6/25/1964,5.604462080048632,15.75,4
Stoudsa01,Salim Stoudamire,10/11/1982,5.585596213661997,16.5,2
Nestera01,Rasho Nesterovic,5/30/1976,5.49049052843572,11.0,10
Templga01,Garrett Temple,5/8/1986,5.452862358582857,16.5,8
Aldrico01,Cole Aldrich,10/31/1988,5.405590647936202,10.0,1
Martida01,Darrick Martin,3/6/1971,5.388303869183741,10.0,6
Mahorri01,Rick Mahorn,9/21/1958,5.3835620666737025,7.0,1
Milicda01,Darko Milicic,6/20/1985,5.367279664637417,8.0,7
Cookda02,Daequan Cook,4/28/1987,5.234133515215856,11.333333333333334,6
Budinch01,Chase Budinger,5/22/1988,5.227463348677445,9.5,6
Elsonfr01,Francisco Elson,2/28/1976,5.222842111141801,5.571428571428571,7
Tollian01,Anthony Tolliver,6/1/1985,5.20028068571628,12.727272727272727,11
Wrighan01,Antoine Wright,2/6/1984,5.200102773679078,18.25,4
Jonesfr01,Fred Jones,3/11/1979,5.196457537772001,16.5,6
Morrite01,Terence Morris,1/11/1979,5.181568121119902,5.5,2
Moonja01,Jamario Moon,6/13/1980,5.079527509219589,15.75,4
Willire01,Reggie Williams,3/5/1964,5.068491469503159,10.25,4
Willire02,Reggie Williams,9/14/1986,5.068491469503159,10.25,4
Mcinnje01,Jeff McInnis,10/22/1974,5.0099794702450104,16.555555555555557,9
Hammoto01,Tom Hammonds,3/27/1967,4.984582957831711,12.25,4
Mccalra01,Ray McCallum,6/12/1991,4.951734813541829,10.0,2
Ferredu01,Duane Ferrell,2/28/1965,4.92287711241734,11.0,1
Crabbal01,Allen Crabbe,4/9/1992,4.920982685536796,21.0,3
Jennibr01,Brandon Jennings,9/23/1989,4.889014893318887,21.5,8
Ollieke01,Kevin Ollie,12/27/1972,4.874417678235403,12.875,8
Burtowi01,Willie Burton,5/26/1968,4.83304934650878,4.0,1
Rogerro02,Roy Rogers,8/19/1973,4.8325104586240375,6.0,1
Sampsja01,Jamal Sampson,5/15/1983,4.802608200926812,3.0,1
Gadzuda01,Dan Gadzuric,2/2/1978,4.754605497846116,6.5,6
Pricero01,Ronnie Price,6/21/1983,4.631254742729252,4.571428571428571,7
Traylro01,Robert Traylor,2/1/1977,4.62732225762619,7.25,4
Inglejo01,Joe Ingles,10/2/1987,4.60932216638529,20.571428571428573,7
Starkjo01,John Starks,8/10/1965,4.588895534398685,19.0,5
Luety01,Tyronn Lue,5/3/1977,4.468800731875848,16.0,9
Cardibr01,Brian Cardinal,5/2/1977,4.37172385949801,8.428571428571429,7
Blakean01,Antonio Blakeney,10/4/1996,4.324792949579307,3.0,1
Burresc01,Scott Burrell,1/12/1971,4.256718389385128,9.5,4
Balkmre01,Renaldo Balkman,7/14/1984,4.194300155172708,15.5,2
Robinja02,James Robinson,8/31/1970,4.161698381978219,13.0,3
Delanma01,Malcolm Delaney,3/11/1989,4.1401115024839505,11.0,2
Delfica01,Carlos Delfino,8/29/1982,4.076444668511619,18.166666666666668,6
Davishu01,Hubert Davis,5/17/1970,4.052347799121531,12.666666666666666,6
Reevekh01,Khalid Reeves,7/15/1972,4.003544112363613,12.5,2
Cummivo01,Vonteego Cummings,2/29/1976,3.974197517832104,12.0,3
Bonnema01,Matt Bonner,4/5/1980,3.9020414125038547,13.2,10
Willike04,Kenrich Williams,12/2/1994,3.861441282512612,11.333333333333334,3
Mccoyje01,Jelani McCoy,12/6/1977,3.8153832433332906,5.5,2
Wardch01,Charlie Ward,10/12/1970,3.8139144385067714,17.125,8
Holliry01,Ryan Hollins,10/10/1984,3.7679149259696834,5.285714285714286,7
Elyme01,Melvin Ely,5/2/1978,3.7173384730956704,10.666666666666666,3
Blakest01,Steve Blake,2/26/1980,3.7051065275826094,15.923076923076923,13
Kaponja01,Jason Kapono,2/4/1981,3.695280451941253,11.88888888888889,9
Prigipa01,Pablo Prigioni,5/17/1977,3.68427079780277,10.0,2
Shvedal01,Alexey Shved,12/16/1988,3.6726820563368805,9.0,3
Brunsja01,Jalen Brunson,8/31/1996,3.662275216264636,12.666666666666666,3
Lewisqu01,Quincy Lewis,6/26/1977,3.626067602856853,4.0,1
Theisda01,Daniel Theis,4/4/1992,3.611075803128441,13.5,4
Stausni01,Nik Stauskas,10/7/1993,3.6025727857543552,10.0,4
Weaveky01,Kyle Weaver,2/18/1986,3.5995819685716537,5.0,1
Shawbr01,Brian Shaw,3/22/1966,3.5801253358665135,18.166666666666668,6
Grantha01,Harvey Grant,7/4/1965,3.5789767122508502,7.5,2
Barbole01,Leandro Barbosa,11/28/1982,3.5713907163598813,13.666666666666666,3
Portech01,Chris Porter,5/9/1978,3.5407518169571133,6.0,1
Rayal01,Allan Ray,6/17/1984,3.5207748735168996,11.0,1
Brownke01,Kedrick Brown,3/18/1981,3.4946834567279517,6.333333333333333,3
Dinwisp01,Spencer Dinwiddie,4/6/1993,3.4859290729946935,4.0,1
Olowomi01,Michael Olowokandi,4/3/1975,3.4857889169307983,12.25,8
Wingfdo01,Dontonio Wingfield,6/23/1974,3.4750548421972725,10.0,1
Taylois01,Isaiah Taylor,7/11/1994,3.4057888368720985,7.0,1
Elamikh01,Khalid El-Amin,4/25/1979,3.4008401374506736,7.0,1
Forbebr01,Bryn Forbes,7/23/1993,3.3893977845812966,15.75,4
Reiddo01,Don Reid,12/30/1973,3.212984883073736,8.6,5
Hartja01,Jason Hart,4/29/1978,3.030997130843633,10.0,5
Sullija01,Jared Sullinger,3/4/1992,3.024243950630628,19.0,4
Daviste01,Terry Davis,6/17/1967,2.969051760513628,6.666666666666667,3
Harrian01,Andrew Harrison,10/28/1994,2.9307721275117875,13.0,2
Willija04,Jawad Williams,2/19/1983,2.830061123917533,6.5,2
Josepco01,Cory Joseph,8/20/1991,2.825957788313462,18.75,8
Ruffimi01,Michael Ruffin,1/21/1977,2.806824523407507,9.142857142857142,7
Stephla01,Lance Stephenson,9/5/1990,2.7911520801140006,13.0,7
Udokaim01,Ime Udoka,8/9/1977,2.667912917748253,17.0,4
Smithke01,Kenny Smith,3/8/1965,2.6657116822054587,8.0,1
Closske01,Keith Closs,4/3/1976,2.6468273065747603,6.5,2
Douglch01,Chris Douglas-Roberts,1/8/1987,2.6373911960129806,7.666666666666667,3
Padgesc01,Scott Padgett,4/19/1976,2.588122106469907,10.166666666666666,6
Pavloal01,Sasha Pavlovic,11/15/1983,2.5810313378921594,9.0,7
Noelda01,David Noel,2/27/1984,2.579409620922519,6.0,1
Fostegr01,Greg Foster,10/3/1968,2.5640816775636175,3.75,4
Doubyqu01,Quincy Douby,5/16/1984,2.5071310992986104,6.5,2
Bowdlca01,Cal Bowdler,3/31/1977,2.5016385626859496,3.0,1
Armsthi01,Hilton Armstrong,11/11/1984,2.4680116393011,4.5,4
Parkean01,Anthony Parker,6/19/1975,2.3832604316241874,20.285714285714285,7
Griffad01,Adrian Griffin,7/4/1974,2.3557134382509797,11.125,8
Dickemi01,Michael Dickerson,6/25/1975,2.351844736994657,19.666666666666668,3
Fowlktr01,Tremaine Fowlkes,4/11/1976,2.341456023318795,5.5,2
Longar01,Art Long,10/1/1972,2.29149064835502,5.0,1
Lylestr01,Trey Lyles,11/5/1995,2.2065223385592065,6.833333333333333,6
Malonma01,Matt Maloney,12/6/1971,2.1775448985668593,16.25,4
Grayeje01,Jeff Grayer,12/17/1965,2.1350118098345607,7.0,1
Grantje01,Jerami Grant,3/12/1994,2.130433611214655,20.857142857142858,7
Willima04,Marcus Williams,11/18/1986,2.1293533783129908,7.333333333333333,3
Willima03,Marcus Williams,12/3/1985,2.1293533783129903,7.333333333333333,3
Blairde01,DeJuan Blair,4/22/1989,2.0498606523167946,7.0,3
Willide02,Derrick Williams,5/25/1991,1.97887462060777,8.833333333333334,6
Jianlyi01,Yi Jianlian,10/27/1987,1.9568847034862653,9.75,4
Wagneda02,Dajuan Wagner,2/4/1983,1.8838014339739741,9.5,2
Brookdi01,Dillon Brooks,1/22/1996,1.8556084414859448,17.75,4
Mulleby01,Byron Mullens,2/14/1989,1.8427579504165121,14.5,2
Nwabada01,David Nwaba,1/14/1993,1.8046954752345952,9.25,4
Crottjo01,John Crotty,7/15/1969,1.761144626492225,5.8,5
Delkto01,Tony Delk,1/28/1974,1.6305517573361066,10.25,8
Jeffrja01,Jared Jeffries,11/25/1981,1.515483884942617,15.2,10
Winslju01,Justise Winslow,3/26/1996,1.4904781398614197,14.0,6
Vrankst01,Stojko Vrankovic,1/22/1964,1.4283803221298559,4.5,2
Uzohbe01,Ben Uzoh,3/19/1988,1.3674425315527348,4.0,1
Jacksje01,Jermaine Jackson,6/7/1976,1.3638786516583379,5.333333333333333,3
Butlemi02,Mitchell Butler,12/15/1970,1.3087747944787287,3.5,2
Simmojo02,Jonathon Simmons,9/14/1989,1.2940372578885688,13.25,4
Armstbj01,B.J. Armstrong,9/9/1967,1.2467717683487742,4.5,2
Collija04,Jason Collins,12/2/1978,1.0837119296832074,16.875,8
Willibu01,Buck Williams,3/8/1960,1.0439523376513384,9.5,2
Villach01,Charlie Villanueva,8/24/1984,1.0248850613943343,15.777777777777779,9
Kerseje01,Jerome Kersey,6/26/1962,0.9951949688108973,8.0,3
Slatere01,Reggie Slater,8/27/1970,0.9589078585351709,6.5,2
Henryxa01,Xavier Henry,3/15/1991,0.8248822789408671,5.0,3
Fergute01,Terrance Ferguson,5/17/1998,0.7438558629084397,19.0,2
Morroan01,Anthony Morrow,9/27/1985,0.6769268709770306,17.666666666666668,9
Potapvi01,Vitaly Potapenko,3/21/1975,0.6582229640191741,11.555555555555555,9
Wanambr01,Brad Wanamaker,7/25/1989,0.6443673381094666,5.0,2
Roberbr01,Brian Roberts,12/3/1985,0.5168922306641276,12.333333333333334,3
Gainesu01,Sundiata Gaines,4/18/1986,0.4748449697642845,8.0,2
Ewingda01,Daniel Ewing,3/26/1983,0.41286299155183936,6.5,2
Abdulta01,Tariq Abdul-Wahad,11/3/1974,0.14727171310872933,9.6,5
Bembrde01,DeAndre' Bembry,7/4/1994,0.11427302360819969,10.25,4
Clavevi01,Victor Claver,8/30/1988,0.0,3.0,1
Woodslo01,Loren Woods,6/21/1978,0.0,4.0,1
Kuzmiog01,Ognjen Kuzmic,5/16/1990,0.0,3.0,1
Moniase01,Sergei Monia,4/15/1983,0.0,3.0,1
Russewa01,Walker Russell,10/26/1960,0.0,3.0,1
Greenli01,Litterial Green,3/7/1970,0.0,3.0,1
Clarkga01,Gary Clark,11/16/1994,0.0,3.0,2
Barrydr01,Drew Barry,2/17/1973,0.0,3.0,1
Moreler01,Eric Moreland,12/24/1991,0.0,4.0,1
Boldejo01,Jonah Bolden,1/2/1996,0.0,3.0,1
Wilsodj01,D.J. Wilson,2/19/1996,0.0,4.0,1
Mccasam01,Amal McCaskill,10/28/1973,0.0,3.0,1
Causwdu01,Duane Causwell,5/31/1968,0.0,4.0,1
Russewa02,Walker Russell,10/6/1982,0.0,3.0,1
Willijo04,Johnathan Williams,5/22/1995,0.0,6.0,1
Jacksda01,Darnell Jackson,11/7/1985,0.0,3.0,1
Dreilgr01,Greg Dreiling,11/7/1962,0.0,3.0,1
Adamsha01,Hassan Adams,6/20/1984,0.0,7.0,1
Washbju01,Julian Washburn,12/18/1991,0.0,3.0,1
Jacobsa01,Sam Jacobson,7/22/1975,0.0,5.0,1
Paynead01,Adreian Payne,2/19/1991,0.0,3.0,1
Niangge01,Georges Niang,6/17/1993,0.0,3.0,1
Tskitni01,Nikoloz Tskitishvili,4/14/1983,0.0,7.0,1
Kasunma01,Mario Kasun,4/5/1980,0.0,3.0,1
Jonesje01,Jemerrio Jones,4/9/1995,0.0,3.0,1
Thabeha01,Hasheem Thabeet,2/16/1987,0.0,3.0,1
Bozemce01,Cedric Bozeman,3/7/1983,0.0,3.0,1
Pendeje02,Jeff Ayres,4/29/1987,0.0,3.0,1
Haywala01,Lazar Hayward,11/26/1986,0.0,3.0,1
Smithth01,Theron Smith,10/3/1980,0.0,5.0,1
Garnech01,Chris Garner,2/2/1975,0.0,4.0,1
Gainere01,Reece Gaines,1/7/1981,0.0,3.0,1
Solomwi01,Will Solomon,7/20/1978,-0.042165798981061986,7.0,2
Newmajo01,Johnny Newman,11/28/1963,-0.05293631503814211,21.0,5
Arcidry01,Ryan Arcidiacono,3/26/1994,-0.1552886391154994,7.5,2
Snellto01,Tony Snell,11/10/1991,-0.3408912530500765,14.0,8
Swiftro01,Robert Swift,12/3/1985,-0.37921621314090304,7.0,1
Singlch01,Chris Singleton,11/21/1989,-0.4403568390167223,8.666666666666666,3
Jonesty01,Tyus Jones,5/10/1996,-0.562271788072804,7.6,5
Wrighju01,Julian Wright,5/20/1987,-0.651446833800075,5.5,2
Brownde04,Derrick Brown,9/8/1987,-0.6710963429838817,7.0,2
Quinnch01,Chris Quinn,9/27/1983,-0.6875804484196321,8.333333333333334,3
Taylojo01,Johnny Taylor,6/4/1974,-0.708183249016071,3.0,1
Westma02,Mario West,6/19/1984,-0.8110169062372563,7.0,2
Willish02,Shelden Williams,10/21/1983,-0.818836668745778,6.25,4
Bendejo01,Jonathan Bender,1/30/1981,-0.8899515727964095,16.0,1
Gomesry01,Ryan Gomes,9/1/1982,-0.953932434247136,20.142857142857142,7
Brownbr01,Bruce Brown,8/15/1996,-0.9718130674007819,16.0,2
Guytoaj01,A.J. Guyton,2/12/1978,-1.0024685160561777,5.0,2
Listeal01,Alton Lister,10/1/1958,-1.0355921912835695,5.0,1
Maynoer01,Eric Maynor,6/11/1987,-1.1715521757256464,4.666666666666667,3
Clarkea01,Earl Clark,1/17/1988,-1.3737800877877016,7.5,2
Smithja02,Jason Smith,3/2/1986,-1.4114901925542986,7.666666666666667,9
Ehlocr01,Craig Ehlo,8/11/1961,-1.4240972266006957,4.0,1
Allenma01,Malik Allen,6/27/1978,-1.4760118452831321,6.666666666666667,6
Rooksse01,Sean Rooks,9/9/1969,-1.4878827183304937,12.0,5
Jenkijo01,John Jenkins,3/6/1991,-1.4937753403686695,3.5,2
Jenkich01,Charles Jenkins,2/28/1989,-1.5262861911752799,10.0,2
Sumneed01,Edmond Sumner,12/31/1995,-1.5536279723221265,5.5,2
Andergr01,Greg Anderson,6/22/1964,-1.6986913379925757,8.0,1
Ezelife01,Festus Ezeli,10/21/1989,-1.8016727455885608,8.0,2
Perryel01,Elliot Perry,3/28/1969,-1.8061600370447362,12.333333333333334,3
Vujacsa01,Sasha Vujacic,3/8/1984,-1.8969027832078968,10.0,8
Glovedi01,Dion Glover,10/22/1978,-1.975872214167024,13.2,5
Thompho01,Hollis Thompson,4/3/1991,-1.9850818004243305,13.25,4
Vromaja01,Jackson Vroman,6/6/1981,-1.9998565406992328,5.0,1
Poweljo01,Josh Powell,1/25/1983,-2.0623676270292823,7.0,1
Mcmilna01,Nate McMillan,8/3/1964,-2.089175415419966,6.5,2
Forbega01,Gary Forbes,2/25/1985,-2.375393705763008,5.0,2
Randlch01,Chasson Randle,2/5/1993,-2.545850096836973,4.0,2
Adrieje01,Jeff Adrien,2/10/1986,-2.6292149674479663,7.0,1
Collija02,Jason Collier,9/8/1977,-2.736788473602536,7.0,1
Williho01,Hot Rod Williams,8/9/1962,-3.249942826976365,3.0,1
Masseto01,Tony Massenburg,7/31/1967,-3.441442611179808,8.2,5
Holidaa01,Aaron Holiday,9/30/1996,-3.513077892972902,8.333333333333334,3
Greenor01,Orien Greene,2/4/1982,-3.6342211794877617,12.0,2
Diawaya01,Yakhouba Diawara,8/29/1982,-3.6850139891474045,7.5,2
Sandela01,Larry Sanders,11/21/1988,-3.8835588973005684,8.0,5
Harriaa01,Aaron Harrison,10/28/1994,-4.01859365498121,3.0,1
Bongais01,Isaac Bonga,11/8/1999,-4.048272672651507,5.0,2
Waltere01,Rex Walters,3/12/1970,-4.208265686326917,11.0,1
Randoan01,Anthony Randolph,7/15/1989,-4.317890748403666,4.5,4
Allenje01,Jerome Allen,1/28/1973,-4.450314919658755,13.0,1
Teaguma01,Marquis Teague,2/28/1993,-4.558379537536761,6.0,1
Livinra01,Randy Livingston,4/2/1975,-4.630070092399872,3.0,1
Cookbr01,Brian Cook,12/4/1980,-4.678700301414889,10.5,4
Kornelu01,Luke Kornet,7/15/1995,-4.782692485884083,3.6666666666666665,3
Willimo01,Monty Williams,10/8/1971,-4.9971082516015155,9.2,5
Anthojo01,Joel Anthony,8/9/1982,-4.997580838180189,6.0,6
Wolfjo01,Joe Wolf,12/17/1964,-5.043957132272591,3.0,1
Hurlebo01,Bobby Hurley,6/28/1971,-5.048803860410004,4.5,2
Workmha01,Haywoode Workman,1/23/1966,-5.1089398227895275,6.333333333333333,3
Penbemi01,Mike Penberthy,11/29/1974,-5.119821406664838,7.0,1
Dorsejo01,Joey Dorsey,12/16/1983,-5.162170932538561,3.0,1
Jonesda03,Damian Jones,6/30/1995,-5.187011424793816,4.0,3
Wrighsh01,Sharone Wright,1/30/1973,-5.260035322483799,8.0,1
Telfase01,Sebastian Telfair,6/9/1985,-5.264391569534218,12.375,8
Riverau01,Austin Rivers,8/1/1992,-5.271348570682073,10.5,6
Jonesja04,Jalen Jones,5/27/1993,-5.373786141864706,3.0,1
Copelch01,Chris Copeland,3/17/1984,-5.483096754533325,9.0,1
Holliro01,Rondae Hollis-Jefferson,1/3/1995,-6.001697379831585,8.0,1
Simonan01,Anfernee Simons,6/8/1999,-6.143628947168091,9.0,2
Davisma02,Mark Davis,4/26/1973,-6.148883479292,10.5,2
Davisma01,Mark Davis,6/8/1963,-6.148883479292,10.5,2
Brownlo01,Lorenzo Brown,8/26/1990,-6.476312916866275,3.0,1
Honeyje01,Jerald Honeycutt,10/20/1974,-6.512946403804411,6.0,1
Taylodo01,Donell Taylor,7/26/1982,-6.570328704895198,3.5,2
Mcraejo01,Jordan McRae,3/28/1991,-6.580909267111757,4.5,2
Dorsety01,Tyler Dorsey,2/18/1996,-6.772896505984374,8.0,1
Vaughlo01,Loy Vaught,2/27/1968,-6.782249377263865,10.25,4
Dioguik01,Ike Diogu,9/11/1983,-6.909176748534658,4.0,3
Earlac01,Acie Earl,6/23/1970,-6.991868113826425,7.0,1
Youngsa01,Sam Young,6/1/1985,-7.071722129898647,8.0,3
Reedju01,Justin Reed,1/16/1982,-7.09800571965081,14.0,1
Blackta01,Tarik Black,11/22/1991,-7.1323855881266525,4.666666666666667,3
Woodda01,David Wood,11/30/1964,-7.373532264456946,4.0,1
Brownch01,Chucky Brown,2/29/1968,-7.552377814116485,7.0,2
Muhamsh01,Shabazz Muhammad,11/13/1992,-7.791431405378932,8.0,3
Abdulma02,Mahmoud Abdul-Rauf,3/9/1969,-7.905325799308549,12.0,3
Vanteda01,David Vanterpool,3/31/1973,-7.921290189453083,4.0,1
Grahatr01,Treveon Graham,10/28/1993,-7.945881701215814,5.0,2
Baxtelo01,Lonny Baxter,1/27/1979,-8.015487551895223,4.0,2
Robindu01,Duncan Robinson,4/22/1994,-8.180113900259103,23.0,2
Jeffedo01,Dontell Jefferson,12/15/1983,-8.347098216565351,3.0,1
Lauvejo01,Joffrey Lauvergne,9/30/1991,-8.401164238644526,5.5,2
Smithdo04,Donta Smith,11/27/1983,-8.536938929626148,5.0,1
Mckinal01,Alfonzo McKinnie,9/17/1992,-8.60091152976556,3.0,1
Obertfa01,Fabricio Oberto,3/21/1975,-8.710452199742987,7.333333333333333,3
Benjaco01,Corey Benjamin,2/24/1978,-8.7444722655538,3.0,2
Brownan02,Anthony Brown,10/10/1992,-8.918018214673822,3.0,1
Minorgr01,Greg Minor,9/18/1971,-9.001930827224257,5.0,3
Daviebr01,Brandon Davies,7/25/1991,-9.048795894929617,3.0,1
Flynnjo01,Jonny Flynn,2/6/1989,-9.096847680332315,11.5,2
Morriad01,Adam Morrison,7/19/1984,-9.550285590904169,14.5,2
Stewami01,Michael Stewart,4/25/1975,-9.850355649929778,3.0,1
Herrech01,Chris Herren,9/27/1975,-9.991854248153283,4.0,1
Bullama01,Matt Bullard,6/5/1967,-10.081346650111168,8.2,5
Diallha01,Hamidou Diallo,7/31/1998,-10.092190504096468,5.0,2
Exumda01,Dante Exum,7/13/1995,-10.139237061969041,17.0,1
Washier01,Eric Washington,3/23/1974,-10.197418898173385,8.0,2
Iveyro01,Royal Ivey,12/20/1981,-10.560404880081846,7.625,8
Tylerje01,Jeremy Tyler,6/21/1991,-10.828160785244835,4.0,1
Sasseje01,Jeryl Sasser,2/13/1979,-10.894081459656578,13.0,1
Jeffech01,Chris Jefferies,2/13/1980,-11.014980149503563,3.0,1
Vaughra01,Rashad Vaughn,8/16/1996,-11.020986714186707,3.0,1
Samuesa01,Samardo Samuels,1/9/1989,-11.3543283169911,4.0,1
Larueru01,Rusty LaRue,12/10/1973,-11.49896736410766,4.0,2
Edwarke01,Kevin Edwards,10/30/1965,-11.832074719593749,5.5,2
Mcgarmi01,Mitch McGary,6/6/1992,-12.044439051208336,3.0,1
Colliky01,Kyle Collinsworth,10/3/1991,-12.118446151689849,3.0,1
Overtdo01,Doug Overton,8/3/1969,-12.370356066220953,5.6,5
Wilkige01,Gerald Wilkins,9/11/1963,-12.763608190180102,15.0,2
Teletmi01,Mirza Teletovic,9/18/1985,-12.780150123490595,7.0,1
Earlycl01,Cleanthony Early,4/17/1991,-12.911611624948488,7.0,1
Johnsch04,Chris Johnson,4/29/1990,-13.185251225488031,12.0,2
Johnsch03,Chris Johnson,7/15/1985,-13.185251225488031,12.0,2
Laudepr01,Priest Lauderdale,8/31/1973,-13.189571728808922,3.0,1
Brownbo02,Bobby Brown,9/24/1984,-13.608851955506916,4.0,1
Pricebr01,Brent Price,12/9/1968,-13.610100862818227,5.666666666666667,3
Willite01,Terrence Williams,6/28/1987,-13.762381670993703,9.0,2
Jamesda01,Damion James,10/7/1987,-13.836298491069906,3.0,1
Sowpa01,Pape Sow,11/22/1981,-14.56797391571205,4.0,1
Morrira01,Randolph Morris,1/2/1986,-15.032636089571,4.0,1
Askinke01,Keith Askins,12/15/1967,-15.092789791270365,14.5,2
Johnske03,Ken Johnson,2/1/1978,-15.187342912142165,3.0,1
Johnske01,Ken Johnson,11/7/1962,-15.187342912142165,3.0,1
Thomabi01,Billy Thomas,12/23/1975,-16.002606910112796,3.0,2
Obanned01,Ed O'Bannon,8/14/1972,-16.375845618743586,5.0,1
Paulbr01,Brandon Paul,4/30/1991,-16.432907692561614,3.0,1
Beaubro01,Rodrigue Beaubois,2/24/1988,-16.463825389592323,7.5,2
Evansbr01,Brian Evans,9/13/1973,-17.465550163980215,8.0,1
Gladnmi01,Mickell Gladness,7/26/1986,-17.595761276022856,3.0,1
Payneca01,Cameron Payne,8/8/1994,-17.943425384338575,5.0,1
Canaais01,Isaiah Canaan,5/21/1991,-18.036779618495594,8.5,4
Collima01,Mardy Collins,8/4/1984,-18.26235980745762,7.5,4
Pargoja01,Jannero Pargo,10/22/1979,-18.573485950427006,7.625,8
Roberla01,Lawrence Roberts,10/20/1982,-18.793935186448135,7.0,1
Robinch01,Chris Robinson,4/2/1974,-18.88687785932416,3.0,2
Davisjo02,Josh Davis,8/10/1980,-19.01118562112716,4.0,1
Lawac01,Acie Law,1/25/1985,-19.19998105246095,3.0,2
Cleavma01,Mateen Cleaves,9/7/1977,-19.446077445698265,6.0,1
Freijma01,Matt Freije,10/2/1981,-19.450880683645394,4.0,1
Parisro01,Robert Parish,8/30/1953,-19.494834407294306,3.0,1
Dickada01,Dan Dickau,9/16/1978,-19.62273494418405,9.5,6
Willitr02,Troy Williams,12/30/1994,-20.303338320650685,3.0,1
Huestjo01,Josh Huestis,12/19/1991,-20.35321539903908,5.0,1
Millste01,Terry Mills,12/21/1967,-21.23057566784489,13.666666666666666,3
Santida01,Daniel Santiago,6/24/1976,-21.946622295514373,3.0,1
Taylomi01,Mike Taylor,1/21/1986,-22.105944469133735,9.0,1
Willode01,Dedric Willoughby,5/27/1974,-22.701847725335153,4.0,1
Planizo01,Zoran Planinic,9/12/1982,-23.381175114006886,3.0,1
Hendejr01,J.R. Henderson,10/30/1976,-23.53985973275425,5.0,1
Bakerro01,Ron Baker,3/30/1993,-24.351595440118423,4.0,2
Williel01,Elliot Williams,6/20/1989,-24.593210514814754,4.0,1
Harrijo01,Joe Harris,9/6/1991,-25.016153705077794,4.0,1
Spellom01,Omari Spellman,7/21/1997,-25.098869137708782,3.0,1
Smithch01,Charles Smith,7/16/1965,-25.100901626715284,5.666666666666667,3
Smithch04,Charles Smith,8/22/1975,-25.100901626715284,5.666666666666667,3
Smithch02,Charles Smith,11/29/1967,-25.100901626715284,5.666666666666667,3
Farmeto01,Tony Farmer,1/3/1970,-25.105612542517346,5.0,1
Morrida01,Darius Morris,1/3/1991,-25.429771526347583,4.0,1
Satteke01,Kenny Satterfield,4/10/1981,-25.457119482693695,5.0,1
Richach01,Chris Richard,12/25/1984,-26.438553769256536,3.0,1
Evansje01,Jeremy Evans,10/24/1987,-26.605045097521767,4.0,1
Smithja01,Jabari Smith,2/12/1977,-26.688499258983224,5.0,1
Spencfe01,Felton Spencer,1/15/1968,-31.6355123777105,6.0,2
Hendrma01,Mark Hendrickson,6/23/1974,-31.7479242502145,9.0,1
Tsakaja01,Jake Tsakalidis,6/10/1979,-31.822361345286016,5.0,1
Bambamo01,Mo Bamba,5/12/1998,-32.77991352896113,4.0,1
Fitchge01,Gerald Fitch,8/12/1982,-33.489387060549156,4.0,1
Gibsojo01,Jonathan Gibson,11/8/1987,-35.73422532694408,4.0,1
Bowiean01,Anthony Bowie,11/9/1963,-36.06629558871227,4.0,1
Wheatde01,DeJuan Wheat,10/14/1973,-37.438142604702065,4.0,1
Smithno01,Nolan Smith,7/25/1988,-40.09972173948477,3.5,2
Legleti01,Tim Legler,12/26/1966,-40.69401367702598,6.0,1
Madkige01,Gerald Madkins,4/18/1969,-40.83065727210654,5.0,1
Armstbr01,Brandon Armstrong,6/16/1980,-45.42413251473077,4.0,1
Thomaca01,Carl Thomas,10/3/1969,-47.046353570824486,6.0,1
Weartr01,Travis Wear,9/21/1990,-48.93266882501963,3.0,1
Decolna01,Nando De Colo,6/23/1987,-50.59925898285509,3.0,1
Roberan02,Anthony Roberson,2/14/1983,-55.80933535410864,3.0,1
Marblde01,Devyn Marble,9/21/1992,-61.85698793490583,3.0,1
Nelsode01,DeMarcus Nelson,11/2/1985,-62.74253217328905,4.0,1
Vaughda02,David Vaughn,3/23/1973,-78.59497573791094,3.0,1
Popema01,Mark Pope,9/11/1972,-88.39059746137214,4.0,3
Danietr01,Troy Daniels,7/15/1991,-102.13906819387498,10.0,2
Willihe01,Herb Williams,2/16/1958,-144.2651823548491,4.0,1
